country,variable,value
Total,Housing,0.0893185517220539
ABW,Housing,0.0828990545325537
AFG,Housing,0.0987600856006777
AGO,Housing,0.0973317384150087
AIA,Housing,0.0916769712938385
ALB,Housing,0.0931968654328932
AND,Housing,0.0827887740638561
ANT,Housing,0.0771688449928786
ARE,Housing,0.0915674113144594
ARG,Housing,0.09151921582671
ARM,Housing,0.0887699008691886
ATG,Housing,0.0874658230394638
AUS,Housing,0.0906960024833748
AUT,Housing,0.0903891573996883
AZE,Housing,0.093228474147942
BDI,Housing,0.0766469442231584
BEL,Housing,0.0924239672524277
BEN,Housing,0.0987750504156106
BFA,Housing,0.212083015024191
BGD,Housing,0.0836538063148324
BGR,Housing,0.0834640303652788
BHR,Housing,0.0993193296259647
BHS,Housing,0.104025691881141
BIH,Housing,0.0949499308314859
BLR,Housing,0.0935576697769247
BLZ,Housing,0.0787978343788208
BMU,Housing,0.0779167393442579
BOL,Housing,0.0862225445651975
BRA,Housing,0.0896666486175141
BRB,Housing,0.101850398692532
BRN,Housing,0.0572797347800158
BTN,Housing,0.0847562464529549
BWA,Housing,0.100476473079857
CAF,Housing,0.0837218337218337
CAN,Housing,0.0894806854960981
CHE,Housing,0.0880818835806309
CHL,Housing,0.0859035492740508
CHN,Housing,0.0870829143003966
CIV,Housing,0.0920697068429873
CMR,Housing,0.085359040658257
COD,Housing,0.119294019196663
COG,Housing,0.0810301639869215
COK,Housing,0.0939407651172357
COL,Housing,0.0856844362011804
COM,Housing,0.0987179487179487
CPV,Housing,0.0772034093462665
CRI,Housing,0.0890541936577113
CUB,Housing,0.104083049768597
CYM,Housing,0.0893499883454973
CYP,Housing,0.0842787847204805
CZE,Housing,0.0830084567731571
DEU,Housing,0.0893332980150335
DJI,Housing,0.0683941123743926
DMA,Housing,0.125
DNK,Housing,0.0829159089884628
DOM,Housing,0.0867991526267682
DZA,Housing,0.114082160103772
ECU,Housing,0.0914066651258366
EGY,Housing,0.0914127045657527
ERI,Housing,0.0598151848151848
ESP,Housing,0.085456341606556
EST,Housing,0.0964053601284866
ETH,Housing,0.107875494901465
EU,Housing,0.0868432163210855
FIN,Housing,0.0870103979628544
FJI,Housing,0.0802092744217713
FRA,Housing,0.0938551622703363
FRO,Housing,0.10191212126696
FSM,Housing,0.0914868328031106
For,Housing,0.182795698924731
GAB,Housing,0.0857468965312103
GBR,Housing,0.0908047700775483
GEO,Housing,0.0887207708285992
GGY,Housing,0.0851476702903044
GHA,Housing,0.0921571813252525
GIB,Housing,0.0915466020655362
GIN,Housing,0.0922070604626386
GMB,Housing,0.0683375104427736
GNB,Housing,0.0961538461538462
GRC,Housing,0.0855232502848363
GRD,Housing,0.0897019126576516
GRL,Housing,0.111244019138756
GTM,Housing,0.0869070056228404
GUF,Housing,0.0828535060242377
GUM,Housing,0.09375
GUY,Housing,0.151247228581986
HKG,Housing,0.093639358714618
HND,Housing,0.0852621185373456
HRV,Housing,0.0809646614660302
HTI,Housing,0.094685718923804
HUN,Housing,0.0931759878829751
Hon,Housing,0.10010829279122
IDN,Housing,0.106232185484085
IMN,Housing,0.0640074211502783
IND,Housing,0.0882891770796116
IRL,Housing,0.0863088022524404
IRN,Housing,0.0854265263309694
IRQ,Housing,0.103098025956582
ISL,Housing,0.0942836568177046
ISR,Housing,0.0940037748882616
ITA,Housing,0.0859891439245863
JAM,Housing,0.0889623009149082
JEY,Housing,0.0796403943949596
JOR,Housing,0.100962702597928
JPN,Housing,0.0893370544803601
KAZ,Housing,0.0974151841025734
KEN,Housing,0.0912328519156115
KGZ,Housing,0.0727744173290303
KHM,Housing,0.0849845608489226
KIR,Housing,0.0812636165577342
KNA,Housing,0.11025641025641
KOR,Housing,0.0913273659378517
KWT,Housing,0.0919080033641878
LAO,Housing,0.0685550082101806
LBN,Housing,0.0921583675614241
LBY,Housing,0.104517301392301
LCA,Housing,0.10179193628671
LIE,Housing,0.0668939673296509
LKA,Housing,0.110492283248344
LSO,Housing,0.0344827586206897
LTU,Housing,0.0796206221459769
LUX,Housing,0.0895466006569936
LVA,Housing,0.0857858056049221
MAC,Housing,0.0874371988803822
MAR,Housing,0.0872913631520191
MCO,Housing,0.105373650729533
MDA,Housing,0.100117721525794
MDG,Housing,0.0939964573272663
MDV,Housing,0.0957590958888312
MEX,Housing,0.0896334718396078
MHL,Housing,0.0875959079283888
MKD,Housing,0.0763953423299156
MLI,Housing,0.0975504989736489
MLT,Housing,0.0906300202934396
MMR,Housing,0.080883987494268
MNE,Housing,0.0949558558933559
MNG,Housing,0.100065768544656
MOZ,Housing,0.132441354364213
MRT,Housing,0.0848484848484849
MSR,Housing,0.0733264320220842
MUS,Housing,0.0823263174131065
MWI,Housing,0.0973401326499694
MYS,Housing,0.0871150680854125
MYT,Housing,0.10012077294686
NAM,Housing,0.088090430259779
NER,Housing,0.0971466905187836
NGA,Housing,0.0912218995440541
NIC,Housing,0.0777852688421397
NIU,Housing,0.0811688311688312
NLD,Housing,0.0919211846954492
NOR,Housing,0.0929188411880914
NPL,Housing,0.0733740115560133
NRU,Housing,0.210526315789474
NZL,Housing,0.0865927414887461
OMN,Housing,0.0943139400909818
PAK,Housing,0.091525149248384
PAN,Housing,0.0921888757398602
PER,Housing,0.0874454083034462
PHL,Housing,0.0835452848350467
PLW,Housing,0.5
PNG,Housing,0.0998184528800434
POL,Housing,0.0908715826345246
PRI,Housing,0.0853419617733254
PRK,Housing,0.0588978015448604
PRT,Housing,0.0874772216283212
PRY,Housing,0.0898725559247457
PSE,Housing,0.0910004345034015
QAT,Housing,0.0899062196500527
ROU,Housing,0.0848460143360793
RUS,Housing,0.0959869906645981
RWA,Housing,0.0601514853433012
SAU,Housing,0.0824280095705629
SDN,Housing,0.0880286302712402
SEN,Housing,0.0808886993936701
SGP,Housing,0.0907222896261776
SHN,Housing,0.101010101010101
SLE,Housing,0.091611854983948
SLV,Housing,0.086224099348882
SM2,Housing,0.131045482043667
SMR,Housing,0.0592570441254652
SOM,Housing,0.132760572760573
SRB,Housing,0.0880602425192059
SUR,Housing,0.0859499897519984
SVK,Housing,0.0864405806357991
SVN,Housing,0.0899577036476347
SWE,Housing,0.0883533867408483
SWZ,Housing,0.0760546191397255
SYC,Housing,0.0526315789473684
SYR,Housing,0.0956844305988278
TCD,Housing,0.102724656296085
TGO,Housing,0.0971497239863057
THA,Housing,0.0872666591647099
TJK,Housing,0.055457957957958
TKM,Housing,0.164072039072039
TON,Housing,0.0944741532976827
TTO,Housing,0.0746130657971065
TUN,Housing,0.0893161202019245
TUR,Housing,0.0890082251041779
TUV,Housing,0.145454545454545
TWN,Housing,0.0875770627556065
TZA,Housing,0.0985780144640456
UGA,Housing,0.104202331418956
UKR,Housing,0.0893676129535473
URY,Housing,0.0889485042400517
USA,Housing,0.0855336859634724
UZB,Housing,0.0842663531631762
VCT,Housing,0.0874458874458875
VEN,Housing,0.0898987745826029
VGB,Housing,0.104521697814381
VIR,Housing,0.0774823134630775
VNM,Housing,0.0980339999197454
VUT,Housing,0
WLF,Housing,0.074279143475572
YEM,Housing,0.177033492822966
ZAF,Housing,0.0930211861010859
ZMB,Housing,0.128151861305486
ZWE,Housing,0.0733786795273321
Total,Income,0.0880040046361635
ABW,Income,0.0942721835309912
AFG,Income,0.0966018037459946
AGO,Income,0.114768391994678
AIA,Income,0.0880519735218161
ALB,Income,0.122841906146369
AND,Income,0.0864703762992386
ANT,Income,0.0953393574556098
ARE,Income,0.106420696932615
ARG,Income,0.0863499422770091
ARM,Income,0.0789054975741497
ATG,Income,0.0892510093978209
AUS,Income,0.0879512698486835
AUT,Income,0.083675842192353
AZE,Income,0.0865170645176452
BDI,Income,0.101243718416707
BEL,Income,0.0871283013168341
BEN,Income,0.0988057342174014
BFA,Income,0.0692258721670486
BGD,Income,0.103858776391295
BGR,Income,0.0995728834558125
BHR,Income,0.0929576255779706
BHS,Income,0.0927926880864775
BIH,Income,0.0913451344612448
BLR,Income,0.090190022019671
BLZ,Income,0.10706928574348
BMU,Income,0.0762780391614663
BOL,Income,0.0840301852725714
BRA,Income,0.0860296360718005
BRB,Income,0.0723499098115202
BRN,Income,0.0887602837658303
BTN,Income,0.0737300360732963
BWA,Income,0.108016155619539
CAF,Income,0.0922688422688423
CAN,Income,0.0876357361390097
CHE,Income,0.0911355266976741
CHL,Income,0.0873515604129082
CHN,Income,0.0983311927274276
CIV,Income,0.0978160653538094
CMR,Income,0.0934533262163217
COD,Income,0.119772037454964
COG,Income,0.0973992116059691
COK,Income,0.083388180447004
COL,Income,0.0907530616717448
COM,Income,0.0923076923076923
CPV,Income,0.0953579275007846
CRI,Income,0.0876926847649867
CUB,Income,0.0836131905082048
CYM,Income,0.0868230492827939
CYP,Income,0.115233772861587
CZE,Income,0.0919560790698239
DEU,Income,0.0846314175228419
DJI,Income,0.060818354798635
DMA,Income,0.05
DNK,Income,0.0812070399018584
DOM,Income,0.0866911469640601
DZA,Income,0.0910417275518645
ECU,Income,0.0851905072664131
EGY,Income,0.0995830351021521
ERI,Income,0.0598151848151848
ESP,Income,0.0842292130468049
EST,Income,0.0904661574797147
ETH,Income,0.113813945434258
EU,Income,0.0742021418953283
FIN,Income,0.0852285230593471
FJI,Income,0.0755365885787929
FRA,Income,0.0867937383186853
FRO,Income,0.0774106967655355
FSM,Income,0.107084658890067
For,Income,0.0817204301075269
GAB,Income,0.11043064899274
GBR,Income,0.0885607893011549
GEO,Income,0.0849793124401789
GGY,Income,0.0904871058356896
GHA,Income,0.0917931592764479
GIB,Income,0.0952866675166815
GIN,Income,0.0908660642940562
GMB,Income,0.0588137009189641
GNB,Income,0.0961538461538462
GRC,Income,0.0911901588225358
GRD,Income,0.0618552073915915
GRL,Income,0.111244019138756
GTM,Income,0.091277796600863
GUF,Income,0.0837576630937065
GUM,Income,0.125
GUY,Income,0.097082417765745
HKG,Income,0.0954150266038634
HND,Income,0.0874666102759988
HRV,Income,0.097646595990932
HTI,Income,0.0906029308821746
HUN,Income,0.0880398547150374
Hon,Income,0.089653416656901
IDN,Income,0.0924990989659353
IMN,Income,0.108225108225108
IND,Income,0.0991401275998735
IRL,Income,0.0900684446677079
IRN,Income,0.0969429370750562
IRQ,Income,0.10820395947342
ISL,Income,0.0890179484771185
ISR,Income,0.0972148691198007
ITA,Income,0.0820196916890178
JAM,Income,0.106655879093196
JEY,Income,0.0784264405564548
JOR,Income,0.106171542377795
JPN,Income,0.0877469976252386
KAZ,Income,0.0935861692128814
KEN,Income,0.104900909224517
KGZ,Income,0.0828619752426751
KHM,Income,0.0906081076626289
KIR,Income,0.103485838779956
KNA,Income,0.091025641025641
KOR,Income,0.0895546850944695
KWT,Income,0.158215186921371
LAO,Income,0.256896551724138
LBN,Income,0.111258634538425
LBY,Income,0.105192977067977
LCA,Income,0.0793927327028372
LIE,Income,0.0538485332315853
LKA,Income,0.0923713435972639
LSO,Income,0.103448275862069
LTU,Income,0.0910886547557172
LUX,Income,0.101339144562333
LVA,Income,0.0927754751407048
MAC,Income,0.0819687453896163
MAR,Income,0.090685525234534
MCO,Income,0.0970463030249296
MDA,Income,0.0982039931553213
MDG,Income,0.0945767690158776
MDV,Income,0.0794989332872052
MEX,Income,0.0906018737178288
MHL,Income,0.10613810741688
MKD,Income,0.0944073107795876
MLI,Income,0.0934434507489536
MLT,Income,0.0910954764387417
MMR,Income,0.0868694403438324
MNE,Income,0.0832314691689692
MNG,Income,0.0994654769744645
MOZ,Income,0.100454822377681
MRT,Income,0.0772727272727273
MSR,Income,0.0944904531861054
MUS,Income,0.0956208059461952
MWI,Income,0.0887540187301851
MYS,Income,0.099101114476312
MYT,Income,0.100442834138486
NAM,Income,0.0802936714586066
NER,Income,0.0636851520572451
NGA,Income,0.0951430257907397
NIC,Income,0.0787995363377559
NIU,Income,0.0876623376623377
NLD,Income,0.0850630713049104
NOR,Income,0.086368922624962
NPL,Income,0.110758211018139
NRU,Income,0.0526315789473684
NZL,Income,0.0854906856340563
OMN,Income,0.0967999280654858
PAK,Income,0.093127060415845
PAN,Income,0.0961599767339312
PER,Income,0.092256231081724
PHL,Income,0.0970501893421795
PLW,Income,0
PNG,Income,0.0920974376446809
POL,Income,0.0947271232126827
PRI,Income,0.0878881740335797
PRK,Income,0.0712071697365815
PRT,Income,0.0850728790619858
PRY,Income,0.0976638448573844
PSE,Income,0.0889561120062701
QAT,Income,0.099194335880394
ROU,Income,0.0916551304792024
RUS,Income,0.0953077687398453
RWA,Income,0.0558036592563447
SAU,Income,0.102598396912466
SDN,Income,0.0959246130661107
SEN,Income,0.0956091149280655
SGP,Income,0.0957461477086568
SHN,Income,0.101010101010101
SLE,Income,0.0753543183775742
SLV,Income,0.0899007413384356
SM2,Income,0.0611725237859539
SMR,Income,0.0818580542264753
SOM,Income,0.0737129537129537
SRB,Income,0.105012198910431
SUR,Income,0.0734645077543212
SVK,Income,0.0892783536718798
SVN,Income,0.0837419592502768
SWE,Income,0.0837310907936819
SWZ,Income,0.0859572165423229
SYC,Income,0.0789473684210526
SYR,Income,0.0974094173811712
TCD,Income,0.101656280227709
TGO,Income,0.102641842571878
THA,Income,0.0920693681279831
TJK,Income,0.0701726726726727
TKM,Income,0.0747863247863248
TON,Income,0.0944741532976827
TTO,Income,0.0875182168533054
TUN,Income,0.100929007830731
TUR,Income,0.0915716363754639
TUV,Income,0.145454545454545
TWN,Income,0.0855618735220199
TZA,Income,0.0814417655153492
UGA,Income,0.117542886623552
UKR,Income,0.100765175730444
URY,Income,0.0899855429579325
USA,Income,0.0864247578830085
UZB,Income,0.101738449834833
VCT,Income,0.0874458874458875
VEN,Income,0.0929713848867565
VGB,Income,0.0884502692429522
VIR,Income,0.141843670556057
VNM,Income,0.106452361592168
VUT,Income,0.1
WLF,Income,0.141228171890766
YEM,Income,0.177033492822966
ZAF,Income,0.0913519777738558
ZMB,Income,0.078027084121885
ZWE,Income,0.0800933759529178
Total,Jobs,0.0892798949289133
ABW,Jobs,0.0851761644686258
AFG,Jobs,0.0856473832803331
AGO,Jobs,0.0896896663623406
AIA,Jobs,0.114495833065555
ALB,Jobs,0.0956258189326169
AND,Jobs,0.0887390132382069
ANT,Jobs,0.0701118967442781
ARE,Jobs,0.0919649712772733
ARG,Jobs,0.0937755928337599
ARM,Jobs,0.0826213979550443
ATG,Jobs,0.088897825995857
AUS,Jobs,0.0854373032476168
AUT,Jobs,0.0868573074990091
AZE,Jobs,0.0891249050773104
BDI,Jobs,0.091212247134252
BEL,Jobs,0.0878099376341883
BEN,Jobs,0.0898769975802133
BFA,Jobs,0.0867583396995162
BGD,Jobs,0.0913421831291123
BGR,Jobs,0.0939140100620817
BHR,Jobs,0.093373987652106
BHS,Jobs,0.0896015177415238
BIH,Jobs,0.101290944848432
BLR,Jobs,0.0847464199424422
BLZ,Jobs,0.0813419580197824
BMU,Jobs,0.0697004061279247
BOL,Jobs,0.0969524156293997
BRA,Jobs,0.0887701721275799
BRB,Jobs,0.0901358613409481
BRN,Jobs,0.109130075359459
BTN,Jobs,0.0854796609694729
BWA,Jobs,0.0961029770005334
CAF,Jobs,0.100815850815851
CAN,Jobs,0.0884930545333161
CHE,Jobs,0.0900885489303259
CHL,Jobs,0.0930956414585777
CHN,Jobs,0.0884352866761985
CIV,Jobs,0.0926382371392928
CMR,Jobs,0.100062345147367
COD,Jobs,0.0805306160706858
COG,Jobs,0.0872945649085805
COK,Jobs,0.118284656519951
COL,Jobs,0.0906728760352076
COM,Jobs,0.0987179487179487
CPV,Jobs,0.147521698414556
CRI,Jobs,0.0899867835078109
CUB,Jobs,0.0771898531588521
CYM,Jobs,0.0554812805637461
CYP,Jobs,0.0773722068597278
CZE,Jobs,0.0926661790824135
DEU,Jobs,0.086659601720321
DJI,Jobs,0.0683941123743926
DMA,Jobs,0.05
DNK,Jobs,0.0871213823747688
DOM,Jobs,0.0878950681327029
DZA,Jobs,0.0982754759306036
ECU,Jobs,0.0905559524292518
EGY,Jobs,0.0864192634891235
ERI,Jobs,0.0227272727272727
ESP,Jobs,0.0931184519806638
EST,Jobs,0.0883629832229953
ETH,Jobs,0.0928042769556603
EU,Jobs,0.084250897817458
FIN,Jobs,0.085284258911025
FJI,Jobs,0.0909685792545945
FRA,Jobs,0.0913235701383069
FRO,Jobs,0.0774106967655355
FSM,Jobs,0.0819034994697773
For,Jobs,0.0817204301075269
GAB,Jobs,0.0824545582715517
GBR,Jobs,0.0903931164615129
GEO,Jobs,0.0883086007428774
GGY,Jobs,0.100764812986013
GHA,Jobs,0.0956284880343773
GIB,Jobs,0.106039355688725
GIN,Jobs,0.108186325731965
GMB,Jobs,0.0778613199665831
GNB,Jobs,0.0961538461538462
GRC,Jobs,0.0922354055268942
GRD,Jobs,0.0897019126576516
GRL,Jobs,0.122607655502392
GTM,Jobs,0.0936828493110386
GUF,Jobs,0.0885413367120684
GUM,Jobs,0.125
GUY,Jobs,0.0547786669971449
HKG,Jobs,0.0867578368653765
HND,Jobs,0.0900285091614271
HRV,Jobs,0.0939481816335657
HTI,Jobs,0.0940214123414578
HUN,Jobs,0.084008137951677
Hon,Jobs,0.0751235021269864
IDN,Jobs,0.0888026340479823
IMN,Jobs,0.0742115027829314
IND,Jobs,0.0936405071648126
IRL,Jobs,0.0905718191570504
IRN,Jobs,0.0969887942844349
IRQ,Jobs,0.101777682174348
ISL,Jobs,0.0904486795601299
ISR,Jobs,0.0897593989585195
ITA,Jobs,0.0937292383634743
JAM,Jobs,0.103032690687399
JEY,Jobs,0.0886226486693295
JOR,Jobs,0.0840931398542263
JPN,Jobs,0.0885653434467218
KAZ,Jobs,0.0899015861808562
KEN,Jobs,0.0857281021826351
KGZ,Jobs,0.107513164893865
KHM,Jobs,0.0987295157397108
KIR,Jobs,0.0984749455337691
KNA,Jobs,0.205128205128205
KOR,Jobs,0.0897940726019687
KWT,Jobs,0.0986441709668509
LAO,Jobs,0.065927750410509
LBN,Jobs,0.0962966708275662
LBY,Jobs,0.0874308968058968
LCA,Jobs,0.0895968143354903
LIE,Jobs,0.0718926773399709
LKA,Jobs,0.0869052318399825
LSO,Jobs,0.103448275862069
LTU,Jobs,0.0895632002037664
LUX,Jobs,0.0931055442086894
LVA,Jobs,0.086061393455297
MAC,Jobs,0.0996140754652202
MAR,Jobs,0.0899032482391181
MCO,Jobs,0.0860434636268076
MDA,Jobs,0.101222467272653
MDG,Jobs,0.0979631122048524
MDV,Jobs,0.0653145361240846
MEX,Jobs,0.0927780347762765
MHL,Jobs,0.10613810741688
MKD,Jobs,0.0938777063991844
MLI,Jobs,0.0834434507489536
MLT,Jobs,0.0979809769285787
MMR,Jobs,0.0830845031499332
MNE,Jobs,0.106634122259122
MNG,Jobs,0.079201853130278
MOZ,Jobs,0.0835873386922735
MRT,Jobs,0.151515151515152
MSR,Jobs,0.108983206809294
MUS,Jobs,0.0856285318806946
MWI,Jobs,0.100963321055767
MYS,Jobs,0.0893472129213342
MYT,Jobs,0.100281803542673
NAM,Jobs,0.078073167483508
NER,Jobs,0.052871198568873
NGA,Jobs,0.0971262537338402
NIC,Jobs,0.0783250680951743
NIU,Jobs,0.11038961038961
NLD,Jobs,0.0833306984002968
NOR,Jobs,0.0901243491859739
NPL,Jobs,0.0883346366050577
NRU,Jobs,0.0526315789473684
NZL,Jobs,0.086187383074923
OMN,Jobs,0.108627643763171
PAK,Jobs,0.0910541034961123
PAN,Jobs,0.0984029526833202
PER,Jobs,0.0891503662386072
PHL,Jobs,0.0905280167100797
PLW,Jobs,0
PNG,Jobs,0.0871504588531643
POL,Jobs,0.0913524406082062
PRI,Jobs,0.087811362956816
PRK,Jobs,0.0712071697365815
PRT,Jobs,0.0918851172686067
PRY,Jobs,0.0809149575263458
PSE,Jobs,0.0824342473001478
QAT,Jobs,0.101687889132961
ROU,Jobs,0.0863559788332424
RUS,Jobs,0.0903138757656
RWA,Jobs,0.0586169584890813
SAU,Jobs,0.107758461059039
SDN,Jobs,0.093525829150792
SEN,Jobs,0.108812783492265
SGP,Jobs,0.0886417320760724
SHN,Jobs,0.101010101010101
SLE,Jobs,0.0741699945188317
SLV,Jobs,0.0941494277385012
SM2,Jobs,0.0611725237859539
SMR,Jobs,0.0884370015948963
SOM,Jobs,0.0685847485847486
SRB,Jobs,0.0943313705186139
SUR,Jobs,0.0710835553733689
SVK,Jobs,0.0891616112015936
SVN,Jobs,0.0887943251996614
SWE,Jobs,0.0879043875840003
SWZ,Jobs,0.150589481440545
SYC,Jobs,0.105263157894737
SYR,Jobs,0.0991177661633179
TCD,Jobs,0.0813571349285635
TGO,Jobs,0.0711432451062636
THA,Jobs,0.0824986900948013
TJK,Jobs,0.108603603603604
TKM,Jobs,0.0926434676434676
TON,Jobs,0.0944741532976827
TTO,Jobs,0.0862132328908896
TUN,Jobs,0.098971809374038
TUR,Jobs,0.0884211156388023
TUV,Jobs,0.120606060606061
TWN,Jobs,0.0887975990671027
TZA,Jobs,0.084201208304777
UGA,Jobs,0.101905984159584
UKR,Jobs,0.0902720231420225
URY,Jobs,0.0894131849108516
USA,Jobs,0.087016703261659
UZB,Jobs,0.0972103307188537
VCT,Jobs,0.0874458874458875
VEN,Jobs,0.0990563962254415
VGB,Jobs,0.0955931263858093
VIR,Jobs,0.0802580287047609
VNM,Jobs,0.0922978026921761
VUT,Jobs,0.1
WLF,Jobs,0.0578134662956092
YEM,Jobs,0.0717703349282297
ZAF,Jobs,0.0888354482324754
ZMB,Jobs,0.0960691466819363
ZWE,Jobs,0.0842384210899417
Total,Community,0.0803470995087226
ABW,Community,0.0842795464328776
AFG,Community,0.0788077991629683
AGO,Community,0.0905432401421761
AIA,Community,0.072932196843421
ALB,Community,0.0785595599763532
AND,Community,0.0750996153040585
ANT,Community,0.091509224414369
ARE,Community,0.0785594291426005
ARG,Community,0.0773790912812909
ARM,Community,0.0859262192577867
ATG,Community,0.121016051124428
AUS,Community,0.0754583136695355
AUT,Community,0.0802505402357355
AZE,Community,0.0759325098061197
BDI,Community,0.0747297776220569
BEL,Community,0.0791077275830622
BEN,Community,0.0755553375268459
BFA,Community,0.0549401578813343
BGD,Community,0.0902971498499557
BGR,Community,0.0773251494503135
BHR,Community,0.0874252605285678
BHS,Community,0.0784230251138733
BIH,Community,0.0765809841721298
BLR,Community,0.0795895821264267
BLZ,Community,0.0613967090417113
BMU,Community,0.0732952417596488
BOL,Community,0.0802173749602952
BRA,Community,0.0746937975529245
BRB,Community,0.125322101019006
BRN,Community,0.0610985941681651
BTN,Community,0.120563032259741
BWA,Community,0.072943273930116
CAF,Community,0.0573685573685574
CAN,Community,0.0796754731861615
CHE,Community,0.0816732880002053
CHL,Community,0.0787523387889478
CHN,Community,0.0777771474222675
CIV,Community,0.0815742553384235
CMR,Community,0.0757261066074617
COD,Community,0.0661779432582876
COG,Community,0.0974074879977272
COK,Community,0.0616714657891128
COL,Community,0.0738056403100126
COM,Community,0.0987179487179487
CPV,Community,0.0541980872338015
CRI,Community,0.0725750926005594
CUB,Community,0.0730524730753959
CYM,Community,0.0694045065911987
CYP,Community,0.066743181097324
CZE,Community,0.0755194306169194
DEU,Community,0.08178872591911
DJI,Community,0.0901542671132708
DMA,Community,0.125
DNK,Community,0.0813010943806379
DOM,Community,0.0822640518263391
DZA,Community,0.0754896785893036
ECU,Community,0.0758240776086213
EGY,Community,0.0768303405371026
ERI,Community,0.116633366633367
ESP,Community,0.0769492614739131
EST,Community,0.0759523805280467
ETH,Community,0.0867063968609948
EU,Community,0.0822572022900295
FIN,Community,0.0787126053516631
FJI,Community,0.0690691624127871
FRA,Community,0.0869830236760609
FRO,Community,0.113089232444071
FSM,Community,0.0647609579356663
For,Community,0.0655913978494624
GAB,Community,0.0546740719943334
GBR,Community,0.0791539484078528
GEO,Community,0.100651511229386
GGY,Community,0.0917077265682456
GHA,Community,0.0823878272402529
GIB,Community,0.0625610948191593
GIN,Community,0.10259696355031
GMB,Community,0.0683375104427736
GNB,Community,0.0576923076923077
GRC,Community,0.0785036664611808
GRD,Community,0.103000109001609
GRL,Community,0.0340909090909091
GTM,Community,0.0758322007067997
GUF,Community,0.0813748206024629
GUM,Community,0.0625
GUY,Community,0.0720544145054505
HKG,Community,0.082008841331275
HND,Community,0.0783587494905381
HRV,Community,0.0772563177960354
HTI,Community,0.132195518260887
HUN,Community,0.0844875765751749
Hon,Community,0.0755944597408012
IDN,Community,0.0793652199048277
IMN,Community,0.0884972170686456
IND,Community,0.0759687927242655
IRL,Community,0.0830589864543728
IRN,Community,0.0823948591574983
IRQ,Community,0.0596535306370867
ISL,Community,0.0823389208471671
ISR,Community,0.0771952295977961
ITA,Community,0.0832656879593218
JAM,Community,0.0983528281581252
JEY,Community,0.071398635486075
JOR,Community,0.0759274009052894
JPN,Community,0.0803644532633209
KAZ,Community,0.078129710580915
KEN,Community,0.0860024325681336
KGZ,Community,0.0642464456091179
KHM,Community,0.0795975830217851
KIR,Community,0.0862745098039216
KNA,Community,0.0717948717948718
KOR,Community,0.0792291529191662
KWT,Community,0.0651347284279966
LAO,Community,0.0775862068965517
LBN,Community,0.0886475324845505
LBY,Community,0.0978475634725635
LCA,Community,0.0876057740169238
LIE,Community,0.112893436182535
LKA,Community,0.0785521662916205
LSO,Community,0.0344827586206897
LTU,Community,0.0816748954100324
LUX,Community,0.0783815444116173
LVA,Community,0.0809748140534529
MAC,Community,0.0741860625450296
MAR,Community,0.0838181394264805
MCO,Community,0.070193421802172
MDA,Community,0.0739674268193548
MDG,Community,0.072564672021642
MDV,Community,0.0876290145880182
MEX,Community,0.0756022934830794
MHL,Community,0.0728900255754476
MKD,Community,0.0819304153860338
MLI,Community,0.0769938892329784
MLT,Community,0.0703786230476731
MMR,Community,0.087771693341325
MNE,Community,0.0627427986802987
MNG,Community,0.097120492022337
MOZ,Community,0.0696103595990153
MRT,Community,0.0772727272727273
MSR,Community,0.108983206809294
MUS,Community,0.0771775209599622
MWI,Community,0.0828276609946406
MYS,Community,0.0771900906112148
MYT,Community,0.0689613526570048
NAM,Community,0.079012202264485
NER,Community,0.0520572450805009
NGA,Community,0.0724561661804725
NIC,Community,0.0633268323201602
NIU,Community,0.0454545454545455
NLD,Community,0.0786332183034891
NOR,Community,0.0786012769879162
NPL,Community,0.0907875469235128
NRU,Community,0
NZL,Community,0.0808739429646952
OMN,Community,0.0857570147148344
PAK,Community,0.0805640266902701
PAN,Community,0.0796301854827793
PER,Community,0.0773831291397433
PHL,Community,0.075348658982626
PLW,Community,0
PNG,Community,0.0768221812006399
POL,Community,0.0780501035981103
PRI,Community,0.0826497018551645
PRK,Community,0.0848237274707863
PRT,Community,0.0782757663334934
PRY,Community,0.0682976798568839
PSE,Community,0.0820201411464354
QAT,Community,0.070585315762835
ROU,Community,0.0775381523557926
RUS,Community,0.0807030812862807
RWA,Community,0.0542691324021247
SAU,Community,0.0794569957764096
SDN,Community,0.074998345693641
SEN,Community,0.066145153562549
SGP,Community,0.0748332469296139
SHN,Community,0.0787878787878788
SLE,Community,0.0857979014955759
SLV,Community,0.0742163174957748
SM2,Community,0.0925901483070267
SMR,Community,0.102591706539075
SOM,Community,0.121625041625042
SRB,Community,0.0829703164688692
SUR,Community,0.0940032110405138
SVK,Community,0.0820926276467078
SVN,Community,0.0836206889356604
SWE,Community,0.079011308630496
SWZ,Community,0.094923781891867
SYC,Community,0.105263157894737
SYR,Community,0.0741568406707798
TCD,Community,0.0826653505224934
TGO,Community,0.079537628500647
THA,Community,0.0781173578785314
TJK,Community,0.113791291291291
TKM,Community,0.0856990231990232
TON,Community,0.0748663101604278
TTO,Community,0.087906977765813
TUN,Community,0.0736681747258176
TUR,Community,0.084413441105637
TUV,Community,0.0503030303030303
TWN,Community,0.0876851212416491
TZA,Community,0.0663580617226463
UGA,Community,0.0796670081247476
UKR,Community,0.0783140322849973
URY,Community,0.0743482074918545
USA,Community,0.081335619124079
UZB,Community,0.0770285867751564
VCT,Community,0.096969696969697
VEN,Community,0.0734279340315702
VGB,Community,0.067845264491606
VIR,Community,0.0786287671662138
VNM,Community,0.0770230493840694
VUT,Community,0.1
WLF,Community,0.0788146299189532
YEM,Community,0.0717703349282297
ZAF,Community,0.0734501333596313
ZMB,Community,0.0749170362749951
ZWE,Community,0.149828083701937
Total,Education,0.0990539626272677
ABW,Education,0.0938262878530207
AFG,Education,0.0817752122298813
AGO,Education,0.0926152754772442
AIA,Education,0.0796087775657798
ALB,Education,0.0894637630797125
AND,Education,0.0835149038674928
ANT,Education,0.0870406190714004
ARE,Education,0.0914434505103857
ARG,Education,0.10483801700354
ARM,Education,0.101694308105102
ATG,Education,0.102513880960162
AUS,Education,0.0981345743660447
AUT,Education,0.0975870684618531
AZE,Education,0.0920025377217153
BDI,Education,0.116487620855731
BEL,Education,0.100360017448587
BEN,Education,0.0866099805582331
BFA,Education,0.117125031830914
BGD,Education,0.109300612990375
BGR,Education,0.0931940444229669
BHR,Education,0.103281826641894
BHS,Education,0.0942099877515918
BIH,Education,0.100394815930885
BLR,Education,0.0936650225974607
BLZ,Education,0.0862997064183104
BMU,Education,0.112341772372896
BOL,Education,0.110814540105076
BRA,Education,0.107236688074518
BRB,Education,0.0830633524830161
BRN,Education,0.0933366223568102
BTN,Education,0.11009942179613
BWA,Education,0.110953968566751
CAF,Education,0.102240352240352
CAN,Education,0.0988063721503452
CHE,Education,0.0973913764548113
CHL,Education,0.10473745958906
CHN,Education,0.0984024792042341
CIV,Education,0.104565340245913
CMR,Education,0.105868506153931
COD,Education,0.0854350210519507
COG,Education,0.100691560247317
COK,Education,0.0669779240367476
COL,Education,0.10295280196179
COM,Education,0.0653846153846154
CPV,Education,0.0937796446725018
CRI,Education,0.101827889505829
CUB,Education,0.107852835343025
CYM,Education,0.122844202895613
CYP,Education,0.0986484831680877
CZE,Education,0.0981093449012309
DEU,Education,0.0995125746276024
DJI,Education,0.0901542671132708
DMA,Education,0.075
DNK,Education,0.101969618050516
DOM,Education,0.0992457190395877
DZA,Education,0.0886632223778235
ECU,Education,0.110001805072012
EGY,Education,0.101955965007901
ERI,Education,0.0598151848151848
ESP,Education,0.102645279794718
EST,Education,0.0999354644034879
ETH,Education,0.0980868972161871
EU,Education,0.0997372924367098
FIN,Education,0.0995213005500099
FJI,Education,0.0835244105201032
FRA,Education,0.0986260956999568
FRO,Education,0.0822617016165403
FSM,Education,0.112084658890067
For,Education,0.0817204301075269
GAB,Education,0.0868184587138836
GBR,Education,0.0972800865299243
GEO,Education,0.0903457190141256
GGY,Education,0.0832529894160054
GHA,Education,0.0888317446845985
GIB,Education,0.0915466020655362
GIN,Education,0.0964216198496117
GMB,Education,0.176274018379282
GNB,Education,0.0961538461538462
GRC,Education,0.099911967491337
GRD,Education,0.0881117715326267
GRL,Education,0.122607655502392
GTM,Education,0.102419824558185
GUF,Education,0.0969329049952356
GUM,Education,0.09375
GUY,Education,0.0713575503939523
HKG,Education,0.0896928602837072
HND,Education,0.100733723217858
HRV,Education,0.105298175292466
HTI,Education,0.0883467839743334
HUN,Education,0.0969181804875639
Hon,Education,0.111042741617655
IDN,Education,0.106876592276498
IMN,Education,0.0606060606060606
IND,Education,0.0962496762980767
IRL,Education,0.0971048676699218
IRN,Education,0.0924353923693974
IRQ,Education,0.101916788212844
ISL,Education,0.102143263274896
ISR,Education,0.105068752219579
ITA,Education,0.0984367590043078
JAM,Education,0.0902435343014048
JEY,Education,0.0775133319883074
JOR,Education,0.1299624260632
JPN,Education,0.0976170407339234
KAZ,Education,0.0972164073216176
KEN,Education,0.0910364588771013
KGZ,Education,0.0762072700699424
KHM,Education,0.10399407773078
KIR,Education,0.113289760348584
KNA,Education,0.0717948717948718
KOR,Education,0.096175818680402
KWT,Education,0.0794760210444723
LAO,Education,0.0802134646962233
LBN,Education,0.0965734637643078
LBY,Education,0.093112714987715
LCA,Education,0.0876057740169238
LIE,Education,0.0911784365154359
LKA,Education,0.0984394986999523
LSO,Education,0.172413793103448
LTU,Education,0.104063408759095
LUX,Education,0.0918667129723972
LVA,Education,0.0919766099450081
MAC,Education,0.106620008883075
MAR,Education,0.112312088590918
MCO,Education,0.0949563746694188
MDA,Education,0.095557498266716
MDG,Education,0.112081778785996
MDV,Education,0.0897047800265237
MEX,Education,0.103622620730206
MHL,Education,0.0984654731457801
MKD,Education,0.0946174309237659
MLI,Education,0.0983454115332673
MLT,Education,0.0880632648800235
MMR,Education,0.0899717646541577
MNE,Education,0.0975072834447834
MNG,Education,0.112192098231067
MOZ,Education,0.105505327428186
MRT,Education,0.0848484848484849
MSR,Education,0.0997239475500345
MUS,Education,0.0900308258710893
MWI,Education,0.0817294697801703
MYS,Education,0.093615346549776
MYT,Education,0.100281803542673
NAM,Education,0.112688891581129
NER,Education,0.0636851520572451
NGA,Education,0.0980912606460323
NIC,Education,0.093172961100962
NIU,Education,0.13474025974026
NLD,Education,0.096794242740969
NOR,Education,0.0952002817232277
NPL,Education,0.0965226980705887
NRU,Education,0.157894736842105
NZL,Education,0.0986469990419038
OMN,Education,0.0957127384569609
PAK,Education,0.102067668898276
PAN,Education,0.097550335402638
PER,Education,0.0994300659803667
PHL,Education,0.094667240296646
PLW,Education,0
PNG,Education,0.0873246748810389
POL,Education,0.0996583463124747
PRI,Education,0.0956338886308405
PRK,Education,0.0799217666864726
PRT,Education,0.0950575982224368
PRY,Education,0.132129977641173
PSE,Education,0.137213942361287
QAT,Education,0.091130978196543
ROU,Education,0.102521591571936
RUS,Education,0.0946208151318572
RWA,Education,0.0586169584890813
SAU,Education,0.0921609755067297
SDN,Education,0.114208520832116
SEN,Education,0.0843446592281259
SGP,Education,0.0942767850390841
SHN,Education,0.0898989898989899
SLE,Education,0.152464568162243
SLV,Education,0.103594176052303
SM2,Education,0.0981457038625823
SMR,Education,0.0903043593833067
SOM,Education,0.101112221112221
SRB,Education,0.0934478275520817
SUR,Education,0.0892310582769693
SVK,Education,0.0966135994240571
SVN,Education,0.0997345793050358
SWE,Education,0.0964934346875061
SWZ,Education,0.094561112646219
SYC,Education,0.0789473684210526
SYR,Education,0.100469773899451
TCD,Education,0.136912690484119
TGO,Education,0.0992052815016333
THA,Education,0.101112551039293
TJK,Education,0.135735735735736
TKM,Education,0.111874236874237
TON,Education,0.0944741532976827
TTO,Education,0.100056988752702
TUN,Education,0.106480933975564
TUR,Education,0.0990930912150145
TUV,Education,0.115757575757576
TWN,Education,0.0966227882446129
TZA,Education,0.0962953354572287
UGA,Education,0.099983637371747
UKR,Education,0.0874781253598975
URY,Education,0.101751608276753
USA,Education,0.0992990813506976
UZB,Education,0.105283494226216
VCT,Education,0.0874458874458875
VEN,Education,0.100266805859585
VGB,Education,0.0985904339562876
VIR,Education,0.0885880802228107
VNM,Education,0.0972753762393746
VUT,Education,0.1
WLF,Education,0.0822287048790808
YEM,Education,0.0717703349282297
ZAF,Education,0.0945080328693438
ZMB,Education,0.112477815412586
ZWE,Education,0.0852480871697214
Total,Environment,0.0908760757713751
ABW,Environment,0.0985991983889162
AFG,Environment,0.0981636139670558
AGO,Environment,0.0797298386217147
AIA,Environment,0.0834919360370051
ALB,Environment,0.0774799805308352
AND,Environment,0.121226545978871
ANT,Environment,0.109363508955835
ARE,Environment,0.0830289282850073
ARG,Environment,0.0885700361384308
ARM,Environment,0.0925924213770994
ATG,Environment,0.0896975619643581
AUS,Environment,0.0845774349547723
AUT,Environment,0.09635338276451
AZE,Environment,0.0845448121305852
BDI,Environment,0.0888918547266989
BEL,Environment,0.0924984782602309
BEN,Environment,0.0929212353096467
BFA,Environment,0.0614336643748408
BGD,Environment,0.087097391300775
BGR,Environment,0.0886194343751592
BHR,Environment,0.0806568408512365
BHS,Environment,0.0888999430211318
BIH,Environment,0.0784534429337748
BLR,Environment,0.0999463460048354
BLZ,Environment,0.0878989358017338
BMU,Environment,0.112134733035422
BOL,Environment,0.0932892747134005
BRA,Environment,0.0876975909904329
BRB,Environment,0.0906671332068868
BRN,Environment,0.0706287283726825
BTN,Environment,0.115781239977948
BWA,Environment,0.0830259331199181
CAF,Environment,0.0837218337218337
CAN,Environment,0.0906776750756535
CHE,Environment,0.0930689035784938
CHL,Environment,0.090768803554006
CHN,Environment,0.0938574951065613
CIV,Environment,0.0874462887026594
CMR,Environment,0.0871252749106998
COD,Environment,0.087024062843903
COG,Environment,0.0924731032315849
COK,Environment,0.0975003427944604
COL,Environment,0.0915616071574808
COM,Environment,0.0987179487179487
CPV,Environment,0.0702774318845747
CRI,Environment,0.0962265064340408
CUB,Environment,0.0828168081854554
CYM,Environment,0.0960473972168192
CYP,Environment,0.0752043056078399
CZE,Environment,0.0939155677488392
DEU,Environment,0.0928015941923195
DJI,Environment,0.106414429714897
DMA,Environment,0.125
DNK,Environment,0.092229034328296
DOM,Environment,0.0914137849041486
DZA,Environment,0.0871783374164714
ECU,Environment,0.0901263711769434
EGY,Environment,0.0924587649390768
ERI,Environment,0.116633366633367
ESP,Environment,0.0877526742861444
EST,Environment,0.0966605377833257
ETH,Environment,0.0785166849734219
EU,Environment,0.116811454427309
FIN,Environment,0.0989270431391995
FJI,Environment,0.0687874314974099
FRA,Environment,0.0916489578018319
FRO,Environment,0.0700019764535894
FSM,Environment,0.0841087840226228
For,Environment,0.0817204301075269
GAB,Environment,0.10953746084465
GBR,Environment,0.091037196633129
GEO,Environment,0.0985368418885102
GGY,Environment,0.0821322912238062
GHA,Environment,0.0854700592298075
GIB,Environment,0.0625610948191593
GIN,Environment,0.0694890077243018
GMB,Environment,0.0588137009189641
GNB,Environment,0.0961538461538462
GRC,Environment,0.0919379218045409
GRD,Environment,0.109001609376703
GRL,Environment,0.122607655502392
GTM,Environment,0.0930719508754494
GUF,Environment,0.0992653662707863
GUM,Environment,0.09375
GUY,Environment,0.0845682572518514
HKG,Environment,0.0919233194120744
HND,Environment,0.088659068726668
HRV,Environment,0.0916947304012005
HTI,Environment,0.073607232123971
HUN,Environment,0.0928177504448436
Hon,Environment,0.0944479736291583
IDN,Environment,0.0835187544766884
IMN,Environment,0.101422387136673
IND,Environment,0.0894937300894068
IRL,Environment,0.0872065691043501
IRN,Environment,0.0853934044083172
IRQ,Environment,0.0677456443160906
ISL,Environment,0.0844111918425824
ISR,Environment,0.0827467495640914
ITA,Environment,0.0947332423016062
JAM,Environment,0.0722996048955996
JEY,Environment,0.0801382040325541
JOR,Environment,0.0869554523759332
JPN,Environment,0.0879184427425719
KAZ,Environment,0.0876407876165569
KEN,Environment,0.0907939586135926
KGZ,Environment,0.113500666997486
KHM,Environment,0.0870242805526494
KIR,Environment,0.0690631808278867
KNA,Environment,0.0717948717948718
KOR,Environment,0.0850135326332936
KWT,Environment,0.0753184935564495
LAO,Environment,0.0849753694581281
LBN,Environment,0.0754469670766844
LBY,Environment,0.0855369574119574
LCA,Environment,0.0876057740169238
LIE,Environment,0.128002440310502
LKA,Environment,0.0885945513558064
LSO,Environment,0.0344827586206897
LTU,Environment,0.0952631472406506
LUX,Environment,0.0920819022782291
LVA,Environment,0.0941560544530748
MAC,Environment,0.0918626238670691
MAR,Environment,0.0817655395788705
MCO,Environment,0.0892157365667048
MDA,Environment,0.089240082380372
MDG,Environment,0.0897105269365796
MDV,Environment,0.103889177189644
MEX,Environment,0.0883424941556282
MHL,Environment,0.0984654731457801
MKD,Environment,0.0905147806732579
MLI,Environment,0.0983454115332673
MLT,Environment,0.0892412497331121
MMR,Environment,0.0917978587247495
MNE,Environment,0.0767723314598315
MNG,Environment,0.0604482742030018
MOZ,Environment,0.0684358235407583
MRT,Environment,0.0924242424242424
MSR,Environment,0.0878191856452726
MUS,Environment,0.0911270553230703
MWI,Environment,0.0931045961704636
MYS,Environment,0.0889158553389439
MYT,Environment,0.0982689210950081
NAM,Environment,0.101049678771487
NER,Environment,0.0324418604651163
NGA,Environment,0.0814102766779305
NIC,Environment,0.0831932454686518
NIU,Environment,0.0811688311688312
NLD,Environment,0.0915701053431774
NOR,Environment,0.0919088819476842
NPL,Environment,0.0908909772806571
NRU,Environment,0.0526315789473684
NZL,Environment,0.0957797014216132
OMN,Environment,0.0965835140719821
PAK,Environment,0.0902290376734147
PAN,Environment,0.0909429102939348
PER,Environment,0.0887032047539354
PHL,Environment,0.0930748852705834
PLW,Environment,0
PNG,Environment,0.11884899192493
POL,Environment,0.0866303426252401
PRI,Environment,0.0914995264797117
PRK,Environment,0.0706625074272133
PRT,Environment,0.0915422305398011
PRY,Environment,0.0904141010019989
PSE,Environment,0.0821458324485972
QAT,Environment,0.0759823380953412
ROU,Environment,0.088355498181866
RUS,Environment,0.0884183928956391
RWA,Environment,0.0499213063151682
SAU,Environment,0.088142676276824
SDN,Environment,0.0794111961051234
SEN,Environment,0.0682502946683914
SGP,Environment,0.0908775828004375
SHN,Environment,0.0676767676767677
SLE,Environment,0.091611854983948
SLV,Environment,0.0997083944257957
SM2,Environment,0.0981457038625823
SMR,Environment,0.091075225943647
SOM,Environment,0.0851415251415251
SRB,Environment,0.0832674504463779
SUR,Environment,0.118092846894855
SVK,Environment,0.0935068066227588
SVN,Environment,0.0996502333051844
SWE,Environment,0.0971967132902301
SWZ,Environment,0.0820991065671917
SYC,Environment,0.105263157894737
SYR,Environment,0.0905982723867152
TCD,Environment,0.0877673913388199
TGO,Environment,0.0901659050959401
THA,Environment,0.0971073428890788
TJK,Environment,0.0842492492492493
TKM,Environment,0.0676434676434676
TON,Environment,0.0944741532976827
TTO,Environment,0.097970261082071
TUN,Environment,0.0861159995697653
TUR,Environment,0.0910669018436807
TUV,Environment,0.0654545454545455
TWN,Environment,0.0915721252341116
TZA,Environment,0.0926340774472304
UGA,Environment,0.0778331629151118
UKR,Environment,0.090367913925321
URY,Environment,0.0899044823264464
USA,Environment,0.0920927369412387
UZB,Environment,0.0822323995514719
VCT,Environment,0.0874458874458875
VEN,Environment,0.0831985766116038
VGB,Environment,0.0729589008552423
VIR,Environment,0.0848915657811286
VNM,Environment,0.0945823792940977
VUT,Environment,0.1
WLF,Environment,0.07892092243596
YEM,Environment,0.0717703349282297
ZAF,Environment,0.0893953607103294
ZMB,Environment,0.0797589862541288
ZWE,Environment,0.0636596884562722
Total,CivicEngagement,0.0664672476498481
ABW,CivicEngagement,0.0778870525124516
AFG,CivicEngagement,0.0650134652484235
AGO,CivicEngagement,0.0808327236189815
AIA,CivicEngagement,0.076420052533201
ALB,CivicEngagement,0.0692827704867959
AND,CivicEngagement,0.0756974040083451
ANT,CivicEngagement,0.0765763552248656
ARE,CivicEngagement,0.0605935354323072
ARG,CivicEngagement,0.0712510055116409
ARM,CivicEngagement,0.0723597434710967
ATG,CivicEngagement,0.0591725507588411
AUS,CivicEngagement,0.0650878005278607
AUT,CivicEngagement,0.068022888095827
AZE,CivicEngagement,0.0678579411168295
BDI,CivicEngagement,0.0782881679606646
BEL,CivicEngagement,0.0652238894946119
BEN,CivicEngagement,0.0738280900678911
BFA,CivicEngagement,0.0614336643748408
BGD,CivicEngagement,0.0681259765513453
BGR,CivicEngagement,0.0706758523560432
BHR,CivicEngagement,0.0623605423427454
BHS,CivicEngagement,0.0720653788741156
BIH,CivicEngagement,0.0528098778556793
BLR,CivicEngagement,0.0757023404086608
BLZ,CivicEngagement,0.0458872692386318
BMU,CivicEngagement,0.0644936731911614
BOL,CivicEngagement,0.0619155420781474
BRA,CivicEngagement,0.0654024381740579
BRB,CivicEngagement,0.0749452941370093
BRN,CivicEngagement,0.0660080900141496
BTN,CivicEngagement,0.0730735485633605
BWA,CivicEngagement,0.0804073706799271
CAF,CivicEngagement,0.0915565915565916
CAN,CivicEngagement,0.0644519329149752
CHE,CivicEngagement,0.0641525167457616
CHL,CivicEngagement,0.075521647053217
CHN,CivicEngagement,0.0660205602910726
CIV,CivicEngagement,0.0642283079532391
CMR,CivicEngagement,0.068842749416307
COD,CivicEngagement,0.0646556560217146
COG,CivicEngagement,0.0651312154197304
COK,CivicEngagement,0.0567215137803373
COL,CivicEngagement,0.07430344216384
COM,CivicEngagement,0.0653846153846154
CPV,CivicEngagement,0.0720125854054425
CRI,CivicEngagement,0.0664393380063578
CUB,CivicEngagement,0.0576727687820406
CYM,CivicEngagement,0.0293670824074331
CYP,CivicEngagement,0.0534385232516892
CZE,CivicEngagement,0.0683162528873704
DEU,CivicEngagement,0.0673952056584834
DJI,CivicEngagement,0.0977300246890283
DMA,CivicEngagement,0.075
DNK,CivicEngagement,0.0728380234946742
DOM,CivicEngagement,0.0747280857654059
DZA,CivicEngagement,0.0716896893213831
ECU,CivicEngagement,0.0664662972801927
EGY,CivicEngagement,0.0695267127944679
ERI,CivicEngagement,0.0598151848151848
ESP,CivicEngagement,0.0741480797125
EST,CivicEngagement,0.0677169349383494
ETH,CivicEngagement,0.0712735144823829
EU,CivicEngagement,0.0680019650657256
FIN,CivicEngagement,0.0695214499894006
FJI,CivicEngagement,0.0535462399131204
FRA,CivicEngagement,0.0620001305814302
FRO,CivicEngagement,0.0607917736949995
FSM,CivicEngagement,0.0614868328031106
For,CivicEngagement,0.0655913978494624
GAB,CivicEngagement,0.0649268306131051
GBR,CivicEngagement,0.0621957679280568
GEO,CivicEngagement,0.0699765741780317
GGY,CivicEngagement,0.0570453633478006
GHA,CivicEngagement,0.0764660138668553
GIB,CivicEngagement,0.0770538484423477
GIN,CivicEngagement,0.0466131907308378
GMB,CivicEngagement,0.0588137009189641
GNB,CivicEngagement,0.0769230769230769
GRC,CivicEngagement,0.0654378554734812
GRD,CivicEngagement,0.0982489212046601
GRL,CivicEngagement,0.0735645933014354
GTM,CivicEngagement,0.0637163827655204
GUF,CivicEngagement,0.0667951615783594
GUM,CivicEngagement,0.0625
GUY,CivicEngagement,0.124787700420812
HKG,CivicEngagement,0.0652990187039492
HND,CivicEngagement,0.070229171867156
HRV,CivicEngagement,0.0551094518932428
HTI,CivicEngagement,0.0665698241279262
HUN,CivicEngagement,0.0626993736653336
Hon,CivicEngagement,0.0773844815656662
IDN,CivicEngagement,0.0633111370628437
IMN,CivicEngagement,0.0884972170686456
IND,CivicEngagement,0.069235303657685
IRL,CivicEngagement,0.0681996978876014
IRN,CivicEngagement,0.0677846635481462
IRQ,CivicEngagement,0.0623003604333067
ISL,CivicEngagement,0.0640784918640039
ISR,CivicEngagement,0.0634323977755552
ITA,CivicEngagement,0.0726486146338768
JAM,CivicEngagement,0.0622403767097054
JEY,CivicEngagement,0.0525402171777943
JOR,CivicEngagement,0.0540414213396384
JPN,CivicEngagement,0.064188955675509
KAZ,CivicEngagement,0.0831104512922516
KEN,CivicEngagement,0.0694251567231567
KGZ,CivicEngagement,0.0638410402037125
KHM,CivicEngagement,0.0600930401683948
KIR,CivicEngagement,0.0690631808278867
KNA,CivicEngagement,0.0717948717948718
KOR,CivicEngagement,0.0688718452677397
KWT,CivicEngagement,0.0514491098155487
LAO,CivicEngagement,0.0473727422003284
LBN,CivicEngagement,0.058033764096428
LBY,CivicEngagement,0.0487689393939394
LCA,CivicEngagement,0.0774016923842708
LIE,CivicEngagement,0.0622983790943568
LKA,CivicEngagement,0.0633746331600348
LSO,CivicEngagement,0.0344827586206897
LTU,CivicEngagement,0.0666148326871245
LUX,CivicEngagement,0.0614123330607937
LVA,CivicEngagement,0.0705460199398383
MAC,CivicEngagement,0.0594546727756073
MAR,CivicEngagement,0.0662589089383781
MCO,CivicEngagement,0.0566403074939439
MDA,CivicEngagement,0.0694417559732365
MDG,CivicEngagement,0.0693667640666491
MDV,CivicEngagement,0.0653145361240846
MEX,CivicEngagement,0.0736890436091632
MHL,CivicEngagement,0.0473145780051151
MKD,CivicEngagement,0.0663127180419691
MLI,CivicEngagement,0.0577624756562138
MLT,CivicEngagement,0.0602393708754098
MMR,CivicEngagement,0.0706335824078137
MNE,CivicEngagement,0.0575028996903997
MNG,CivicEngagement,0.0664460853847594
MOZ,CivicEngagement,0.0505828754552521
MRT,CivicEngagement,0.0848484848484849
MSR,CivicEngagement,0.0878191856452726
MUS,CivicEngagement,0.0725253340618636
MWI,CivicEngagement,0.0703965308074798
MYS,CivicEngagement,0.0701261518001623
MYT,CivicEngagement,0.0459742351046699
NAM,CivicEngagement,0.0786682050164629
NER,CivicEngagement,0.052871198568873
NGA,CivicEngagement,0.0649459671555765
NIC,CivicEngagement,0.0535156818840098
NIU,CivicEngagement,0.0405844155844156
NLD,CivicEngagement,0.0676919288622357
NOR,CivicEngagement,0.0653195841743251
NPL,CivicEngagement,0.0688718486293123
NRU,CivicEngagement,0.105263157894737
NZL,CivicEngagement,0.0667068685708699
OMN,CivicEngagement,0.0689793687415785
PAK,CivicEngagement,0.0738483966415687
PAN,CivicEngagement,0.0632217645637118
PER,CivicEngagement,0.0755258834015284
PHL,CivicEngagement,0.0599536718742745
PLW,CivicEngagement,0
PNG,CivicEngagement,0.0698535400856573
POL,CivicEngagement,0.0601017569145867
PRI,CivicEngagement,0.0663899901426237
PRK,CivicEngagement,0.0703901762725292
PRT,CivicEngagement,0.0687693838353977
PRY,CivicEngagement,0.0760356709394519
PSE,CivicEngagement,0.062255535728558
QAT,CivicEngagement,0.0808407337194913
ROU,CivicEngagement,0.0661966658881016
RUS,CivicEngagement,0.0739473233811425
RWA,CivicEngagement,0.0586169584890813
SAU,CivicEngagement,0.0681162156831262
SDN,CivicEngagement,0.0632171890112174
SEN,CivicEngagement,0.0520887332696383
SGP,CivicEngagement,0.0640886162607284
SHN,CivicEngagement,0.0787878787878788
SLE,CivicEngagement,0.0799839480072038
SLV,CivicEngagement,0.0637951267737973
SM2,CivicEngagement,0.0667280793415095
SMR,CivicEngagement,0.091075225943647
SOM,CivicEngagement,0.0737129537129537
SRB,CivicEngagement,0.0615572807520163
SUR,CivicEngagement,0.0710835553733689
SVK,CivicEngagement,0.0671998054265554
SVN,CivicEngagement,0.0659296831957577
SWE,CivicEngagement,0.0704996946218917
SWZ,CivicEngagement,0.0745935801786866
SYC,CivicEngagement,0.0526315789473684
SYR,CivicEngagement,0.0670951715245789
TCD,CivicEngagement,0.0724612688898403
TGO,CivicEngagement,0.0607597625963443
THA,CivicEngagement,0.0683952928710418
TJK,CivicEngagement,0.0966591591591592
TKM,CivicEngagement,0.0606990231990232
TON,CivicEngagement,0.0748663101604278
TTO,CivicEngagement,0.073740269189806
TUN,CivicEngagement,0.0709997695679695
TUR,CivicEngagement,0.0732381682032523
TUV,CivicEngagement,0.0503030303030303
TWN,CivicEngagement,0.0701906670268598
TZA,CivicEngagement,0.0738134154056215
UGA,CivicEngagement,0.0650441401291918
UKR,CivicEngagement,0.0769922673203931
URY,CivicEngagement,0.0849748746578669
USA,CivicEngagement,0.0631478529377161
UZB,CivicEngagement,0.0692536259651995
VCT,CivicEngagement,0.0874458874458875
VEN,CivicEngagement,0.0696194383853743
VGB,CivicEngagement,0.0641174374406082
VIR,CivicEngagement,0.0692289971098179
VNM,CivicEngagement,0.0647061789474124
VUT,CivicEngagement,0.1
WLF,CivicEngagement,0.0668162899130944
YEM,CivicEngagement,0.0717703349282297
ZAF,CivicEngagement,0.0609323765632686
ZMB,CivicEngagement,0.0759312350579565
ZWE,CivicEngagement,0.0611811909405539
Total,Health,0.103970051046386
ABW,Health,0.108009156762502
AFG,Health,0.101421516167098
AGO,Health,0.0952160380850212
AIA,Health,0.118775974387495
ALB,Health,0.0936771928690385
AND,Health,0.0909061578055418
ANT,Health,0.113158158853469
ARE,Health,0.0969725174365608
ARG,Health,0.104670657768801
ARM,Health,0.109642228041284
ATG,Health,0.0796123242731861
AUS,Health,0.102549289576669
AUT,Health,0.107022347003965
AZE,Health,0.0934181892344195
BDI,Health,0.108091715543242
BEL,Health,0.1066679812676
BEN,Health,0.0935420789537461
BFA,Health,0.0692258721670486
BGD,Health,0.0954909799268523
BGR,Health,0.0980123368339172
BHR,Health,0.0988452414354855
BHS,Health,0.0862935144754708
BIH,Health,0.106198286529066
BLR,Health,0.105316294012599
BLZ,Health,0.0910843954135257
BMU,Health,0.11515804867796
BOL,Health,0.106080961304728
BRA,Health,0.10441978716136
BRB,Health,0.0964508056384834
BRN,Health,0.0866881194495157
BTN,Health,0.103365415062124
BWA,Health,0.0959163745817881
CAF,Health,0.119334369334369
CAN,Health,0.107360462917375
CHE,Health,0.102830419364009
CHL,Health,0.099537034560916
CHN,Health,0.103418285130027
CIV,Health,0.105782168710278
CMR,Health,0.105107302267727
COD,Health,0.0807174091914818
COG,Health,0.0863667813925044
COK,Health,0.124167009461127
COL,Health,0.100586347984399
COM,Health,0.0987179487179487
CPV,Health,0.120838196731054
CRI,Health,0.10551939808524
CUB,Health,0.111741966427778
CYM,Health,0.0959424496913929
CYP,Health,0.0835045823749732
CZE,Health,0.104026427152234
DEU,Health,0.105280877125495
DJI,Health,0.0901542671132708
DMA,Health,0.125
DNK,Health,0.103095630041158
DOM,Health,0.101645604393464
DZA,Health,0.100572757501272
ECU,Health,0.101881778397677
EGY,Health,0.103981003403471
ERI,Health,0.142607392607393
ESP,Health,0.108005168519722
EST,Health,0.103234869255214
ETH,Health,0.101377257849824
EU,Health,0.103896492733337
FIN,Health,0.101998703455054
FJI,Health,0.0937978122038575
FRA,Health,0.107977838760377
FRO,Health,0.127464046818886
FSM,Health,0.107084658890067
For,Health,0.0817204301075269
GAB,Health,0.122080666851909
GBR,Health,0.105483187948181
GEO,Health,0.0979768417371536
GGY,Health,0.104639342595837
GHA,Health,0.0968996921770984
GIB,Health,0.124272174763058
GIN,Health,0.108186325731965
GMB,Health,0.112949039264829
GNB,Health,0.0961538461538462
GRC,Health,0.107142048669131
GRD,Health,0.107411468251678
GRL,Health,0.122607655502392
GTM,Health,0.0970506977376001
GUF,Health,0.106274612168921
GUM,Health,0.09375
GUY,Health,0.10278237216611
HKG,Health,0.103291873714118
HND,Health,0.0963169833284292
HRV,Health,0.102751299234242
HTI,Health,0.103605539508263
HUN,Health,0.0988140076040096
Hon,Health,0.0986300091700789
IDN,Health,0.0924120253530303
IMN,Health,0.134075448361163
IND,Health,0.095331277462141
IRL,Health,0.100734984440375
IRN,Health,0.0950199345661281
IRQ,Health,0.103789917624083
ISL,Health,0.109558101208985
ISR,Health,0.108155202280119
ITA,Health,0.103032128046197
JAM,Health,0.108188954805594
JEY,Health,0.0976004641646281
JOR,Health,0.100188105255429
JPN,Health,0.100665995248935
KAZ,Health,0.0958752225791922
KEN,Health,0.105629622397814
KGZ,Health,0.0822371339258932
KHM,Health,0.125591596724132
KIR,Health,0.0910675381263616
KNA,Health,0.0717948717948718
KOR,Health,0.096670910579828
KWT,Health,0.0977596539805443
LAO,Health,0.0664203612479475
LBN,Health,0.0958413719114664
LBY,Health,0.0886619574119574
LCA,Health,0.111996017919363
LIE,Health,0.113005896821312
LKA,Health,0.0998036946901789
LSO,Health,0.172413793103448
LTU,Health,0.106501095073401
LUX,Health,0.10500028372426
LVA,Health,0.0967701557888209
MAC,Health,0.106088614514556
MAR,Health,0.102989022027626
MCO,Health,0.108588808592175
MDA,Health,0.0903789597316527
MDG,Health,0.0967153233460107
MDV,Health,0.131666954967422
MEX,Health,0.100546961549308
MHL,Health,0.10230179028133
MKD,Health,0.103205239652922
MLI,Health,0.0934434507489536
MLT,Health,0.101720318482958
MMR,Health,0.0940368053045642
MNE,Health,0.121180672743173
MNG,Health,0.0836366602406703
MOZ,Health,0.14660740511563
MRT,Health,0.0772727272727273
MSR,Health,0.0878191856452726
MUS,Health,0.0979411921143238
MWI,Health,0.0973401326499694
MYS,Health,0.0998056100413619
MYT,Health,0.0908615136876006
NAM,Health,0.105594997112773
NER,Health,0.352146690518784
NGA,Health,0.102777835154781
NIC,Health,0.101388372996714
NIU,Health,0.0925324675324675
NLD,Health,0.103431265800754
NOR,Health,0.106636345408408
NPL,Health,0.0880657495944587
NRU,Health,0.157894736842105
NZL,Health,0.102367112106124
OMN,Health,0.100290712152582
PAK,Health,0.0985980576313938
PAN,Health,0.097201837603995
PER,Health,0.0940646416704337
PHL,Health,0.101250667515138
PLW,Health,0
PNG,Health,0.108134706210644
POL,Health,0.0977712348835518
PRI,Health,0.104053641625344
PRK,Health,0.0899980194097841
PRT,Health,0.102626120854904
PRY,Health,0.0971430233479076
PSE,Health,0.114512087682688
QAT,Health,0.0939066052293856
ROU,Health,0.100632215225207
RUS,Health,0.09900320029774
RWA,Health,0.258616958489081
SAU,Health,0.102068004448142
SDN,Health,0.105622406912331
SEN,Health,0.151933888468209
SGP,Health,0.102052710467792
SHN,Health,0.101010101010101
SLE,Health,0.0857979014955759
SLV,Health,0.0989760046617691
SM2,Health,0.0981457038625823
SMR,Health,0.113702817650186
SOM,Health,0.0896836496836497
SRB,Health,0.0987290294836195
SUR,Health,0.101426180228189
SVK,Health,0.103806756057782
SVN,Health,0.100783069149975
SWE,Health,0.104679822962436
SWZ,Health,0.0874182555033619
SYC,Health,0.105263157894737
SYR,Health,0.0994792312402652
TCD,Health,0.0813571349285635
TGO,Health,0.113345037020699
THA,Health,0.102210459995403
TJK,Health,0.0705480480480481
TKM,Health,0.0938186813186813
TON,Health,0.0944741532976827
TTO,Health,0.107266293062443
TUN,Health,0.102813738247476
TUR,Health,0.100471058985092
TUV,Health,0.0654545454545455
TWN,Health,0.0998314890027914
TZA,Health,0.111792391068374
UGA,Health,0.0888512624626231
UKR,Health,0.100209175194132
URY,Health,0.0972345256374036
USA,Health,0.104155953612945
UZB,Health,0.111486612580539
VCT,Health,0.096969696969697
VEN,Health,0.100606702526274
VGB,Health,0.111577446943301
VIR,Health,0.0915281089872989
VNM,Health,0.102572855012101
VUT,Health,0.1
WLF,Health,0.106750235979559
YEM,Health,0.0717703349282297
ZAF,Health,0.101056510160214
ZMB,Health,0.0954499516354966
ZWE,Health,0.0967356484091437
Total,LifeSatisfaction,0.104491871987454
ABW,LifeSatisfaction,0.0987478096694432
AFG,LifeSatisfaction,0.102738611890394
AGO,LifeSatisfaction,0.0924271627326459
AIA,LifeSatisfaction,0.129730122818968
ALB,LifeSatisfaction,0.0999292013911616
AND,LifeSatisfaction,0.118562520588288
ANT,LifeSatisfaction,0.10131745027889
ARE,LifeSatisfaction,0.101381362572593
ARG,LifeSatisfaction,0.0937120931654614
ARM,LifeSatisfaction,0.102704220362645
ATG,LifeSatisfaction,0.0943886228192121
AUS,LifeSatisfaction,0.100991015272277
AUT,LifeSatisfaction,0.102994269105788
AZE,LifeSatisfaction,0.0890196293158904
BDI,LifeSatisfaction,0.0965783466621828
BEL,LifeSatisfaction,0.1035066960277
BEN,LifeSatisfaction,0.0920702179952147
BFA,LifeSatisfaction,0.0900050929462694
BGD,LifeSatisfaction,0.0949666345454526
BGR,LifeSatisfaction,0.108349172960243
BHR,LifeSatisfaction,0.110660170472688
BHS,LifeSatisfaction,0.0845773471883692
BIH,LifeSatisfaction,0.111662722838977
BLR,LifeSatisfaction,0.0980698931075878
BLZ,LifeSatisfaction,0.103052546055163
BMU,LifeSatisfaction,0.11426239260989
BOL,LifeSatisfaction,0.104423065276245
BRA,LifeSatisfaction,0.102773960459868
BRB,LifeSatisfaction,0.0949869853383775
BRN,LifeSatisfaction,0.14001894928281
BTN,LifeSatisfaction,0.092811154507863
BWA,LifeSatisfaction,0.0744030244970095
CAF,LifeSatisfaction,0.102240352240352
CAN,LifeSatisfaction,0.104347191179593
CHE,LifeSatisfaction,0.106041755998147
CHL,LifeSatisfaction,0.0994934399657073
CHN,LifeSatisfaction,0.097196738976696
CIV,LifeSatisfaction,0.0854148634827246
CMR,LifeSatisfaction,0.0926983818113743
COD,LifeSatisfaction,0.104231855051695
COG,LifeSatisfaction,0.077746091737332
COK,LifeSatisfaction,0.0880282462635404
COL,LifeSatisfaction,0.0979709536682071
COM,LifeSatisfaction,0.0923076923076923
CPV,LifeSatisfaction,0.0860891619820191
CRI,LifeSatisfaction,0.107975948345256
CUB,LifeSatisfaction,0.116985636119798
CYM,LifeSatisfaction,0.109659478004695
CYP,LifeSatisfaction,0.081601988922022
CZE,LifeSatisfaction,0.10336208148864
DEU,LifeSatisfaction,0.108885634982681
DJI,LifeSatisfaction,0.0998057901275338
DMA,LifeSatisfaction,0.125
DNK,LifeSatisfaction,0.110994412481911
DOM,LifeSatisfaction,0.101583750516731
DZA,LifeSatisfaction,0.0975175727565971
ECU,LifeSatisfaction,0.095535165507742
EGY,LifeSatisfaction,0.0906539010515831
ERI,LifeSatisfaction,0.174325674325674
ESP,LifeSatisfaction,0.0972039924306459
EST,LifeSatisfaction,0.101204516533979
ETH,LifeSatisfaction,0.0949126199685128
EU,LifeSatisfaction,0.106898874462038
FIN,LifeSatisfaction,0.104236009744048
FJI,LifeSatisfaction,0.24157146573788
FRA,LifeSatisfaction,0.0994775504659139
FRO,LifeSatisfaction,0.122613041967881
FSM,LifeSatisfaction,0.0986921173559562
For,LifeSatisfaction,0.0978494623655914
GAB,LifeSatisfaction,0.0924246293527339
GBR,LifeSatisfaction,0.111557827473617
GEO,LifeSatisfaction,0.0981054686911796
GGY,LifeSatisfaction,0.113988389232035
GHA,LifeSatisfaction,0.101177147389908
GIB,LifeSatisfaction,0.0915466020655362
GIN,LifeSatisfaction,0.0355020796197267
GMB,LifeSatisfaction,0.138512949039265
GNB,LifeSatisfaction,0.0961538461538462
GRC,LifeSatisfaction,0.102385917948658
GRD,LifeSatisfaction,0.0944531004546008
GRL,LifeSatisfaction,0.0227272727272727
GTM,LifeSatisfaction,0.0994752812939247
GUF,LifeSatisfaction,0.102622071795514
GUM,LifeSatisfaction,0.09375
GUY,LifeSatisfaction,0.0771944625836722
HKG,LifeSatisfaction,0.100638396056174
HND,LifeSatisfaction,0.0963576028575185
HRV,LifeSatisfaction,0.105434267623354
HTI,LifeSatisfaction,0.0796702626674961
HUN,LifeSatisfaction,0.105474849291673
Hon,LifeSatisfaction,0.10527787156707
IDN,LifeSatisfaction,0.0983159940961207
IMN,LifeSatisfaction,0.0905380333951763
IND,LifeSatisfaction,0.102645291249499
IRL,LifeSatisfaction,0.110995662436819
IRN,LifeSatisfaction,0.104999201383523
IRQ,LifeSatisfaction,0.0909280795832106
ISL,LifeSatisfaction,0.0963691446701586
ISR,LifeSatisfaction,0.100731049733796
ITA,LifeSatisfaction,0.103392499296033
JAM,LifeSatisfaction,0.0952432926504454
JEY,LifeSatisfaction,0.202215515083442
JOR,LifeSatisfaction,0.0888568584695058
JPN,LifeSatisfaction,0.10185141110634
KAZ,LifeSatisfaction,0.09542920253321
KEN,LifeSatisfaction,0.101057392559451
KGZ,LifeSatisfaction,0.0842856616265948
KHM,LifeSatisfaction,0.11845425104512
KIR,LifeSatisfaction,0.0984749455337691
KNA,LifeSatisfaction,0.0717948717948718
KOR,LifeSatisfaction,0.107169657515038
KWT,LifeSatisfaction,0.0926167678620484
LAO,LifeSatisfaction,0.0940065681444992
LBN,LifeSatisfaction,0.100636745417766
LBY,LifeSatisfaction,0.0997824529074529
LCA,LifeSatisfaction,0.0876057740169238
LIE,LifeSatisfaction,0.0964460677614827
LKA,LifeSatisfaction,0.10742547470542
LSO,LifeSatisfaction,0.172413793103448
LTU,LifeSatisfaction,0.0992178722081997
LUX,LifeSatisfaction,0.100654185055155
LVA,LifeSatisfaction,0.105805075035194
MAC,LifeSatisfaction,0.103118436544378
MAR,LifeSatisfaction,0.0883860681372626
MCO,LifeSatisfaction,0.0994518137568882
MDA,LifeSatisfaction,0.0997565242636331
MDG,LifeSatisfaction,0.0894420805544752
MDV,LifeSatisfaction,0.103889177189644
MEX,LifeSatisfaction,0.0987660476749599
MHL,LifeSatisfaction,0.0984654731457801
MKD,LifeSatisfaction,0.101415025071262
MLI,LifeSatisfaction,0.0840369854601354
MLT,LifeSatisfaction,0.134514246639837
MMR,LifeSatisfaction,0.127802205451633
MNE,LifeSatisfaction,0.120658437845938
MNG,LifeSatisfaction,0.0800865488040555
MOZ,LifeSatisfaction,0.0709935429164017
MRT,LifeSatisfaction,0.0848484848484849
MSR,LifeSatisfaction,0.0852311939268461
MUS,LifeSatisfaction,0.10171948389842
MWI,LifeSatisfaction,0.0870059731463747
MYS,LifeSatisfaction,0.100201656867077
MYT,LifeSatisfaction,0.0982689210950081
NAM,LifeSatisfaction,0.0925810691684471
NER,LifeSatisfaction,0.0905187835420394
NGA,LifeSatisfaction,0.10006565151659
NIC,LifeSatisfaction,0.100814256329676
NIU,LifeSatisfaction,0.116883116883117
NLD,LifeSatisfaction,0.113211221177893
NOR,LifeSatisfaction,0.105745740967587
NPL,LifeSatisfaction,0.103277003905814
NRU,LifeSatisfaction,0.210526315789474
NZL,LifeSatisfaction,0.109113353246473
OMN,LifeSatisfaction,0.0990430001265559
PAK,LifeSatisfaction,0.0964827059979523
PAN,LifeSatisfaction,0.0984328629314854
PER,LifeSatisfaction,0.106336831046027
PHL,LifeSatisfaction,0.104769121348268
PLW,LifeSatisfaction,0
PNG,LifeSatisfaction,0.104528263633613
POL,LifeSatisfaction,0.109023853135386
PRI,LifeSatisfaction,0.0947220912364659
PRK,LifeSatisfaction,0.213675268087033
PRT,LifeSatisfaction,0.104359637071423
PRY,LifeSatisfaction,0.0872058997785899
PSE,LifeSatisfaction,0.0865525480787709
QAT,LifeSatisfaction,0.101557967981617
ROU,LifeSatisfaction,0.101874065334676
RUS,LifeSatisfaction,0.09570736402876
RWA,LifeSatisfaction,0.258616958489081
SAU,LifeSatisfaction,0.0933057233781174
SDN,LifeSatisfaction,0.100275849684789
SEN,LifeSatisfaction,0.131320003459885
SGP,LifeSatisfaction,0.104582911870751
SHN,LifeSatisfaction,0.0787878787878788
SLE,LifeSatisfaction,0.091611854983948
SLV,LifeSatisfaction,0.105113423942676
SM2,LifeSatisfaction,0.133535903499606
SMR,LifeSatisfaction,0.091075225943647
SOM,LifeSatisfaction,0.0788411588411588
SRB,LifeSatisfaction,0.109509121467796
SUR,LifeSatisfaction,0.109759513561522
SVK,LifeSatisfaction,0.10415824917779
SVN,LifeSatisfaction,0.098506342016639
SWE,LifeSatisfaction,0.107221592374754
SWZ,LifeSatisfaction,0.0896046329556968
SYC,LifeSatisfaction,0.105263157894737
SYR,LifeSatisfaction,0.0994650528885504
TCD,LifeSatisfaction,0.0775633097061668
TGO,LifeSatisfaction,0.108010856274225
THA,LifeSatisfaction,0.102531543964551
TJK,LifeSatisfaction,0.11036036036036
TKM,LifeSatisfaction,0.0815323565323565
TON,LifeSatisfaction,0.0944741532976827
TTO,LifeSatisfaction,0.102801851373047
TUN,LifeSatisfaction,0.0976561688363847
TUR,LifeSatisfaction,0.0964967543852889
TUV,LifeSatisfaction,0.0654545454545455
TWN,LifeSatisfaction,0.0992613637624191
TZA,LifeSatisfaction,0.113550722915015
UGA,LifeSatisfaction,0.0957920288833232
UKR,LifeSatisfaction,0.0964112030027518
URY,LifeSatisfaction,0.0917998679093956
USA,LifeSatisfaction,0.11234547183304
UZB,LifeSatisfaction,0.0991184127922627
VCT,LifeSatisfaction,0.106493506493506
VEN,LifeSatisfaction,0.0912717461040199
VGB,LifeSatisfaction,0.0941261482420019
VIR,LifeSatisfaction,0.108458582821445
VNM,LifeSatisfaction,0.0908898832317842
VUT,LifeSatisfaction,0.1
WLF,LifeSatisfaction,0.125116464049735
YEM,LifeSatisfaction,0.0717703349282297
ZAF,LifeSatisfaction,0.107074875527099
ZMB,LifeSatisfaction,0.108228856300811
ZWE,LifeSatisfaction,0.157799475420227
Total,Safety,0.092163783524123
ABW,Safety,0.0976652766184413
AFG,Safety,0.0854070339822247
AGO,Safety,0.0836643061400396
AIA,Safety,0.0754553568046143
ALB,Safety,0.083670346727429
AND,Safety,0.0891617874640079
ANT,Safety,0.0911819741412497
ARE,Safety,0.111173455726383
ARG,Safety,0.0961711153969966
ARM,Safety,0.102291869017048
ATG,Safety,0.072150010977962
AUS,Safety,0.0921815634153247
AUT,Safety,0.0957943870928079
AZE,Safety,0.114113694544607
BDI,Safety,0.0914642632632843
BEL,Safety,0.0915520519281538
BEN,Safety,0.0961126565243237
BFA,Safety,0.0698370257193787
BGD,Safety,0.0872599473451058
BGR,Safety,0.0863011967683327
BHR,Safety,0.0912710339760136
BHS,Safety,0.110135372846982
BIH,Safety,0.091632390098843
BLR,Safety,0.093449736459091
BLZ,Safety,0.164248300473982
BMU,Safety,0.0953725475482966
BOL,Safety,0.0905710015567836
BRA,Safety,0.101091759415477
BRB,Safety,0.0936697940867856
BRN,Safety,0.0879597947826796
BTN,Safety,0.0697682252149337
BWA,Safety,0.0965834319452741
CAF,Safety,0.100815850815851
CAN,Safety,0.0954801444456495
CHE,Safety,0.0913321442177526
CHL,Safety,0.088310673668145
CHN,Safety,0.0993572051048714
CIV,Safety,0.113348466617941
CMR,Safety,0.0878650271929713
COD,Safety,0.07861460569495
COG,Safety,0.111540254563753
COK,Safety,0.124167009461127
COL,Safety,0.0941459191093814
COM,Safety,0.0987179487179487
CPV,Safety,0.0856780365708937
CRI,Safety,0.0921562072861457
CUB,Safety,0.103870349230886
CYM,Safety,0.146293938552199
CYP,Safety,0.0776904780190479
CZE,Safety,0.0987263594185334
DEU,Safety,0.0898271576459014
DJI,Safety,0.113990187290654
DMA,Safety,0.05
DNK,Safety,0.0920763098323415
DOM,Safety,0.0976726814574093
DZA,Safety,0.0939606435412169
ECU,Safety,0.100068700325534
EGY,Safety,0.0963079262534463
ERI,Safety,0.0711788211788212
ESP,Safety,0.0921322678807412
EST,Safety,0.0964347486083379
ETH,Safety,0.0751519891974568
EU,Safety,0.0806784192954006
FIN,Safety,0.0959851219347105
FJI,Safety,0.0736924605959874
FRA,Safety,0.0883275042705041
FRO,Safety,0.0995241253305769
FSM,Safety,0.093570166136444
For,Safety,0.0817204301075269
GAB,Safety,0.0993621967478177
GBR,Safety,0.0864483777638878
GEO,Safety,0.0910415540417584
GGY,Safety,0.0889921511937791
GHA,Safety,0.0940220146542802
GIB,Safety,0.0807939138934931
GIN,Safety,0.140866064294056
GMB,Safety,0.0778613199665831
GNB,Safety,0.0961538461538462
GRC,Safety,0.0940272446566635
GRD,Safety,0.0640608870166259
GRL,Safety,0.122607655502392
GTM,Safety,0.0982045833334898
GUF,Safety,0.0829991422809851
GUM,Safety,0.09375
GUY,Safety,0.0799954241481051
HKG,Safety,0.0987747762382839
HND,Safety,0.122222449240847
HRV,Safety,0.0973480679747419
HTI,Safety,0.0928908238124909
HUN,Safety,0.0992226963154202
Hon,Safety,0.0809296394662248
IDN,Safety,0.0966022822559194
IMN,Safety,0.0721706864564007
IND,Safety,0.0953970062430781
IRL,Safety,0.0847147817886988
IRN,Safety,0.0952794003533131
IRQ,Safety,0.0905497181072882
ISL,Safety,0.0969351972623343
ISR,Safety,0.0881696502296082
ITA,Safety,0.0881560848829527
JAM,Safety,0.0961658422229773
JEY,Safety,0.0921169002084048
JOR,Safety,0.0881808248667856
JPN,Safety,0.111467831493248
KAZ,Safety,0.0985626353230617
KEN,Safety,0.0891851867317205
KGZ,Safety,0.147152286380812
KHM,Safety,0.0847287558612913
KIR,Safety,0.0934640522875817
KNA,Safety,0.091025641025641
KOR,Safety,0.102892981706847
KWT,Safety,0.0912635062491024
LAO,Safety,0.0783251231527094
LBN,Safety,0.0900947844676556
LBY,Safety,0.0893657862407862
LCA,Safety,0.10179193628671
LIE,Safety,0.118504891290894
LKA,Safety,0.0912757589184558
LSO,Safety,0.103448275862069
LTU,Safety,0.0934953955420385
LUX,Safety,0.0934573487998951
LVA,Safety,0.0970194040870876
MAC,Safety,0.0976452419548045
MAR,Safety,0.0954652552350685
MCO,Safety,0.107454091604517
MDA,Safety,0.0877064491077347
MDG,Safety,0.100789842005266
MDV,Safety,0.0897047800265237
MEX,Safety,0.0936903551395898
MHL,Safety,0.0837595907928389
MKD,Safety,0.0991139465786928
MLI,Safety,0.0934434507489536
MLT,Safety,0.0895756716379226
MMR,Safety,0.103059290267542
MNE,Safety,0.0853590431715432
MNG,Safety,0.146351222982205
MOZ,Safety,0.086477843284423
MRT,Safety,0.1
MSR,Safety,0.0924775707384403
MUS,Safety,0.0962591686931699
MWI,Safety,0.101216101642217
MYS,Safety,0.0965130811866906
MYT,Safety,0.0982689210950081
NAM,Safety,0.110286466356087
NER,Safety,0.0905187835420394
NGA,Safety,0.099221979240888
NIC,Safety,0.0981289589497617
NIU,Safety,0.0925324675324675
NLD,Safety,0.091228862084926
NOR,Safety,0.0924022182837274
NPL,Safety,0.0952748976150862
NRU,Safety,0
NZL,Safety,0.0916685803398695
OMN,Safety,0.0866732051480653
PAK,Safety,0.0970649066747937
PAN,Safety,0.0928653800303275
PER,Safety,0.0927464887555916
PHL,Safety,0.0952942364908323
PLW,Safety,0.5
PNG,Safety,0.0854456305803918
POL,Safety,0.0968417970641324
PRI,Safety,0.0965355295407078
PRK,Safety,0.10863325128031
PRT,Safety,0.0981457163629357
PRY,Safety,0.0921643223150446
PSE,Safety,0.0879939489105244
QAT,Safety,0.0983683644661873
ROU,Safety,0.0980122971463431
RUS,Safety,0.0946040970573227
RWA,Safety,0.0499213063151682
SAU,Safety,0.09623309609129
SDN,Safety,0.0926844073107381
SEN,Safety,0.0810652524833492
SGP,Safety,0.0998712715247146
SHN,Safety,0.101010101010101
SLE,Safety,0.0857979014955759
SLV,Safety,0.0968164112335667
SM2,Safety,0.0981457038625823
SMR,Safety,0.0986509835194046
SOM,Safety,0.0953979353979354
SRB,Safety,0.0872176334957386
SUR,Safety,0.0895214183234269
SVK,Safety,0.0969502456198901
SVN,Safety,0.098732811506037
SWE,Safety,0.0893236333366667
SWZ,Safety,0.0817364373215437
SYC,Safety,0.105263157894737
SYR,Safety,0.0924488531142011
TCD,Safety,0.0877673913388199
TGO,Safety,0.105177895520224
THA,Safety,0.0985411820370325
TJK,Safety,0.091006006006006
TKM,Safety,0.0926434676434676
TON,Safety,0.0944741532976827
TTO,Safety,0.0995288047286391
TUN,Safety,0.0913777047487213
TUR,Safety,0.0936342869474288
TUV,Safety,0.0303030303030303
TWN,Safety,0.101773947387095
TZA,Safety,0.0861881055224125
UGA,Safety,0.0776567757815828
UKR,Safety,0.0974280915233377
URY,Safety,0.0939859210192709
USA,Safety,0.0902947200966828
UZB,Safety,0.0894802611690613
VCT,Safety,0.096969696969697
VEN,Safety,0.104117945973043
VGB,Safety,0.0951061133987963
VIR,Safety,0.080900535856983
VNM,Safety,0.0928407954961556
VUT,Safety,0.1
WLF,Safety,0.0760734018487778
YEM,Safety,0.0717703349282297
ZAF,Safety,0.0973682587426133
ZMB,Safety,0.0826710469701822
ZWE,Safety,0.0811041719547692
Total,WorkLifeBalance,0.0960274565976932
ABW,WorkLifeBalance,0.0786382692301767
AFG,WorkLifeBalance,0.105663474724949
AGO,WorkLifeBalance,0.0831816184101499
AIA,WorkLifeBalance,0.0693608051283066
ALB,WorkLifeBalance,0.0962725944267951
AND,WorkLifeBalance,0.0878329013820931
ANT,WorkLifeBalance,0.0872326098671549
ARE,WorkLifeBalance,0.0868942413698156
ARG,WorkLifeBalance,0.0917632327963595
ARM,WorkLifeBalance,0.082492193969555
ATG,WorkLifeBalance,0.115834338688708
AUS,WorkLifeBalance,0.116935432637841
AUT,WorkLifeBalance,0.0910528101484625
AZE,WorkLifeBalance,0.114240242386936
BDI,WorkLifeBalance,0.0763653435920224
BEL,WorkLifeBalance,0.0937209517866033
BEN,WorkLifeBalance,0.101902620850873
BFA,WorkLifeBalance,0.107932263814617
BGD,WorkLifeBalance,0.0886065416548986
BGR,WorkLifeBalance,0.100571888949852
BHR,WorkLifeBalance,0.0798481408953279
BHS,WorkLifeBalance,0.0989755330193224
BIH,WorkLifeBalance,0.0946814694994829
BLR,WorkLifeBalance,0.0857666735443004
BLZ,WorkLifeBalance,0.0929230594148584
BMU,WorkLifeBalance,0.0890464061710761
BOL,WorkLifeBalance,0.0854830945381562
BRA,WorkLifeBalance,0.092217521354467
BRB,WorkLifeBalance,0.0765583642454355
BRN,WorkLifeBalance,0.139091007667882
BTN,WorkLifeBalance,0.0705720191221759
BWA,WorkLifeBalance,0.0811710169792876
CAF,WorkLifeBalance,0.0659155659155659
CAN,WorkLifeBalance,0.0935912719618239
CHE,WorkLifeBalance,0.0942036364321881
CHL,WorkLifeBalance,0.0965278516744638
CHN,WorkLifeBalance,0.0901206950602471
CIV,WorkLifeBalance,0.0751162996127321
CMR,WorkLifeBalance,0.0978919396175819
COD,WorkLifeBalance,0.113546774163704
COG,WorkLifeBalance,0.10291956490858
COK,WorkLifeBalance,0.0851528863293569
COL,WorkLifeBalance,0.097562913736756
COM,WorkLifeBalance,0.0923076923076923
CPV,WorkLifeBalance,0.097043820258106
CRI,WorkLifeBalance,0.090545957806062
CUB,WorkLifeBalance,0.081121069399968
CYM,WorkLifeBalance,0.0987866264486131
CYP,WorkLifeBalance,0.186283693117221
CZE,WorkLifeBalance,0.0903938208608379
DEU,WorkLifeBalance,0.0938839125902112
DJI,WorkLifeBalance,0.113990187290654
DMA,WorkLifeBalance,0.075
DNK,WorkLifeBalance,0.0942515461253758
DOM,WorkLifeBalance,0.0900609543733831
DZA,WorkLifeBalance,0.0815287349096926
ECU,WorkLifeBalance,0.0929426798097773
EGY,WorkLifeBalance,0.0908703828559229
ERI,WorkLifeBalance,0.116633366633367
ESP,WorkLifeBalance,0.0983592692675905
EST,WorkLifeBalance,0.0836260471180627
ETH,WorkLifeBalance,0.079480922159836
EU,WorkLifeBalance,0.0964220432555795
FIN,WorkLifeBalance,0.0935745859026883
FJI,WorkLifeBalance,0.0692965748636961
FRA,WorkLifeBalance,0.0929864280165968
FRO,WorkLifeBalance,0.0675205868754256
FSM,WorkLifeBalance,0.0977368328031106
For,WorkLifeBalance,0.0978494623655914
GAB,WorkLifeBalance,0.0915435810860648
GBR,WorkLifeBalance,0.0970849314751352
GEO,WorkLifeBalance,0.0913568052081995
GGY,WorkLifeBalance,0.101842157310484
GHA,WorkLifeBalance,0.0951666721211211
GIB,WorkLifeBalance,0.116792043860768
GIN,WorkLifeBalance,0.109065298010531
GMB,WorkLifeBalance,0.103425229741019
GNB,WorkLifeBalance,0.0961538461538462
GRC,WorkLifeBalance,0.0917045628607418
GRD,WorkLifeBalance,0.0944531004546008
GRL,WorkLifeBalance,0.0340909090909091
GTM,WorkLifeBalance,0.0983614271942887
GUF,WorkLifeBalance,0.108583414477723
GUM,WorkLifeBalance,0.0625
GUY,WorkLifeBalance,0.0841515051851711
HKG,WorkLifeBalance,0.0925586920765605
HND,WorkLifeBalance,0.0843650132962137
HRV,WorkLifeBalance,0.0925482506941894
HTI,WorkLifeBalance,0.0838039533771958
HUN,WorkLifeBalance,0.094341585066292
Hon,WorkLifeBalance,0.0918076116682389
IDN,WorkLifeBalance,0.0920640760760692
IMN,WorkLifeBalance,0.117748917748918
IND,WorkLifeBalance,0.0946091104315505
IRL,WorkLifeBalance,0.101035384140662
IRN,WorkLifeBalance,0.0973348865232158
IRQ,WorkLifeBalance,0.11003629348174
ISL,WorkLifeBalance,0.0904154041749191
ISR,WorkLifeBalance,0.0935229256328732
ITA,WorkLifeBalance,0.0945969098986263
JAM,WorkLifeBalance,0.0786146955606451
JEY,WorkLifeBalance,0.07978724823805
JOR,WorkLifeBalance,0.0846601258942697
JPN,WorkLifeBalance,0.0902764741838311
KAZ,WorkLifeBalance,0.083132643256884
KEN,WorkLifeBalance,0.085007928206267
KGZ,WorkLifeBalance,0.105379937720871
KHM,WorkLifeBalance,0.0661942306445853
KIR,WorkLifeBalance,0.096078431372549
KNA,WorkLifeBalance,0.0717948717948718
KOR,WorkLifeBalance,0.0932999770633955
KWT,WorkLifeBalance,0.098214357811428
LAO,WorkLifeBalance,0.0797208538587849
LBN,WorkLifeBalance,0.0950116978537261
LBY,WorkLifeBalance,0.0997824529074529
LCA,WorkLifeBalance,0.0876057740169238
LIE,WorkLifeBalance,0.0850352741222735
LKA,WorkLifeBalance,0.0827653634929414
LSO,WorkLifeBalance,0.0344827586206897
LTU,WorkLifeBalance,0.0928968759739979
LUX,WorkLifeBalance,0.093154400269637
LVA,WorkLifeBalance,0.098129192496599
MAC,WorkLifeBalance,0.0920043191802611
MAR,WorkLifeBalance,0.101124841439725
MCO,WorkLifeBalance,0.0850360281329094
MDA,WorkLifeBalance,0.0944071215035319
MDG,WorkLifeBalance,0.0827926737353851
MDV,WorkLifeBalance,0.0876290145880182
MEX,WorkLifeBalance,0.0927268033243522
MHL,WorkLifeBalance,0.0984654731457801
MKD,WorkLifeBalance,0.0982100841634091
MLI,WorkLifeBalance,0.123191524614675
MLT,WorkLifeBalance,0.0865607810423037
MMR,WorkLifeBalance,0.0840888688601812
MNE,WorkLifeBalance,0.0934550856425856
MNG,WorkLifeBalance,0.0749855194825062
MOZ,WorkLifeBalance,0.085303307226166
MRT,WorkLifeBalance,0.0848484848484849
MSR,WorkLifeBalance,0.0733264320220842
MUS,WorkLifeBalance,0.109643763838104
MWI,WorkLifeBalance,0.0993220623727629
MYS,WorkLifeBalance,0.0980688121217152
MYT,WorkLifeBalance,0.0982689210950081
NAM,WorkLifeBalance,0.0736612205272363
NER,WorkLifeBalance,0.0520572450805009
NGA,WorkLifeBalance,0.0975396843590948
NIC,WorkLifeBalance,0.171549817674994
NIU,WorkLifeBalance,0.116883116883117
NLD,WorkLifeBalance,0.097124201285899
NOR,WorkLifeBalance,0.0947735575080968
NPL,WorkLifeBalance,0.0938424188013605
NRU,WorkLifeBalance,0
NZL,WorkLifeBalance,0.0965726321107264
OMN,WorkLifeBalance,0.067218934667803
PAK,WorkLifeBalance,0.0854388866319892
PAN,WorkLifeBalance,0.0934029185340165
PER,WorkLifeBalance,0.0969577496285961
PHL,WorkLifeBalance,0.104518027334325
PLW,WorkLifeBalance,0
PNG,WorkLifeBalance,0.0699756621051968
POL,WorkLifeBalance,0.0949714190111044
PRI,WorkLifeBalance,0.107474131725421
PRK,WorkLifeBalance,0.0805831423478482
PRT,WorkLifeBalance,0.0967883288206947
PRY,WorkLifeBalance,0.0881579668104741
PSE,WorkLifeBalance,0.0849151698333192
QAT,WorkLifeBalance,0.0968392518851922
ROU,WorkLifeBalance,0.102012390647554
RUS,WorkLifeBalance,0.0913870907512144
RWA,WorkLifeBalance,0.0368483179224867
SAU,WorkLifeBalance,0.0877314452972934
SDN,WorkLifeBalance,0.0921030119619009
SEN,WorkLifeBalance,0.0795414170458515
SGP,WorkLifeBalance,0.0943067056959721
SHN,WorkLifeBalance,0.101010101010101
SLE,WorkLifeBalance,0.0857979014955759
SLV,WorkLifeBalance,0.0875058769884986
SM2,WorkLifeBalance,0.0611725237859539
SMR,WorkLifeBalance,0.0919723551302499
SOM,WorkLifeBalance,0.0794272394272394
SRB,WorkLifeBalance,0.0958975283852502
SUR,WorkLifeBalance,0.0963841634214661
SVK,WorkLifeBalance,0.0907913645151864
SVN,WorkLifeBalance,0.0905486044881376
SWE,WorkLifeBalance,0.0955849349774895
SWZ,WorkLifeBalance,0.0824617758128396
SYC,WorkLifeBalance,0.105263157894737
SYR,WorkLifeBalance,0.0840751901321418
TCD,WorkLifeBalance,0.0877673913388199
TGO,WorkLifeBalance,0.0728628218258403
THA,WorkLifeBalance,0.0901495519375746
TJK,WorkLifeBalance,0.0634159159159159
TKM,WorkLifeBalance,0.0745879120879121
TON,WorkLifeBalance,0.0944741532976827
TTO,WorkLifeBalance,0.0823840385041777
TUN,WorkLifeBalance,0.0816705729216074
TUR,WorkLifeBalance,0.0925853201961619
TUV,WorkLifeBalance,0.145454545454545
TWN,WorkLifeBalance,0.0911259627557316
TZA,WorkLifeBalance,0.0951469021773002
UGA,WorkLifeBalance,0.0915207821295806
UKR,WorkLifeBalance,0.0923943795631562
URY,WorkLifeBalance,0.0976532805721734
USA,WorkLifeBalance,0.0983534169954606
UZB,WorkLifeBalance,0.08290147322323
VCT,WorkLifeBalance,0.0779220779220779
VEN,WorkLifeBalance,0.0955642948137286
VGB,WorkLifeBalance,0.107113161229015
VIR,WorkLifeBalance,0.0981913493304062
VNM,WorkLifeBalance,0.0833253181909151
VUT,WorkLifeBalance,0.1
WLF,WorkLifeBalance,0.111958569312893
YEM,WorkLifeBalance,0.0717703349282297
ZAF,WorkLifeBalance,0.103005839960083
ZMB,WorkLifeBalance,0.0683169799845363
ZWE,WorkLifeBalance,0.0667331773771845
